cohort,biosample,assembly_accession,relative_path,sha256,bases,contigs,sketch_size
moller,SAMN02649746,GCA_028468585.1,data/moller_genome_benchmark/assemblies/SAMN02649746/GCA_028468585.1_PDT001606622.1_genomic.fna.gz,d8b086a068174aadf98ebcf200782cf2f04f14f31380bd66198004f9ea121bed,2926199,33,2764
moller,SAMN02649748,ERZ4072524,data/moller_genome_benchmark/ena_assemblies/SAMN02649748/SAMN02649748.contigs.fa.gz,3028c89fafe7bc970b1455ded612367683997ac4d3fbfd23a05affddde6db68e,2962381,146,2934
moller,SAMN02649749,ERZ4072525,data/moller_genome_benchmark/ena_assemblies/SAMN02649749/SAMN02649749.contigs.fa.gz,5f96a1a7bcdd9a97d9f5f30dbaeaf6272792df8be0c3097ef82683d57f9789ff,2898746,93,2881
moller,SAMN02649750,ERZ4072526,data/moller_genome_benchmark/ena_assemblies/SAMN02649750/SAMN02649750.contigs.fa.gz,c74000e91ff2da7147647dfacbc09f15a67bf916ebb1e600fd9712a36f38d7cc,2963878,140,2956
moller,SAMN02649751,ERZ4072527,data/moller_genome_benchmark/ena_assemblies/SAMN02649751/SAMN02649751.contigs.fa.gz,ecd7d043956fbd56bb4bf641e9bfb9547ee2b4d300ebdb3c5b38214a4a8e8683,2839098,46,2819
moller,SAMN02649752,ERZ4072528,data/moller_genome_benchmark/ena_assemblies/SAMN02649752/SAMN02649752.contigs.fa.gz,426a20606f08567249a97b669fc63ce3c2259f2eee1a0dc641d7c54093bbf5cc,2822882,80,2839
moller,SAMN02649753,ERZ4072529,data/moller_genome_benchmark/ena_assemblies/SAMN02649753/SAMN02649753.contigs.fa.gz,fe1915511771017a4e10751c61132dc0963e1b97a4d90cde79f1a9af497c16cb,2842018,73,2846
moller,SAMN02649754,ERZ4072530,data/moller_genome_benchmark/ena_assemblies/SAMN02649754/SAMN02649754.contigs.fa.gz,10bcb004a70e3bc4611bee2f102e5106a281902e4b5eda372fc215c60014b43c,2873902,91,2853
moller,SAMN02649755,ERZ4072531,data/moller_genome_benchmark/ena_assemblies/SAMN02649755/SAMN02649755.contigs.fa.gz,247e20427340e2dd09fae37d7c233d0e67273bb4620bdd953a21885acfec2e29,2742356,57,2728
moller,SAMN02649756,ERZ4072532,data/moller_genome_benchmark/ena_assemblies/SAMN02649756/SAMN02649756.contigs.fa.gz,d40008aac2b097a33205355b13399a768c1d0aaa0574a9363e587d490ba029af,2852265,44,2840
moller,SAMN02649757,ERZ4072533,data/moller_genome_benchmark/ena_assemblies/SAMN02649757/SAMN02649757.contigs.fa.gz,9cb6ed5b2b2d21253793c625ddea22d8fe89770c796ea6b3bbea60eb09016594,2872939,114,2880
moller,SAMN02649758,BVBRC:1280.7296,data/moller_genome_benchmark/bvbrc_assemblies/SAMN02649758/1280.7296.fasta,fa3ce732b72d980e9d77e56bbb5e0de4d86fc2be819b0d501a96e030296f6ac3,2846795,85,2851
moller,SAMN02649759,ERZ4072534,data/moller_genome_benchmark/ena_assemblies/SAMN02649759/SAMN02649759.contigs.fa.gz,09567e0289f6427628a8424fa770298f9370234c48737a6d3b1db6538a65a0f7,2834974,47,2823
moller,SAMN02649760,ERZ4072535,data/moller_genome_benchmark/ena_assemblies/SAMN02649760/SAMN02649760.contigs.fa.gz,a91044af52a5b99091b354e292f3ef9da7ab87e4e93542e1590c608261afffab,2807156,59,2829
moller,SAMN02649761,ERZ4072536,data/moller_genome_benchmark/ena_assemblies/SAMN02649761/SAMN02649761.contigs.fa.gz,01d7e01cfa0411f8cb1e11d479c50c33c0a565182d75f9b9ca183aacbccd21e5,2902838,98,2907
moller,SAMN02649762,ERZ4072537,data/moller_genome_benchmark/ena_assemblies/SAMN02649762/SAMN02649762.contigs.fa.gz,a2d70e92b35f61fa174a84635da96a8c99be4b1466b48c12bfa3c31c4c1a4382,2902118,74,2908
moller,SAMN02649763,ERZ4072538,data/moller_genome_benchmark/ena_assemblies/SAMN02649763/SAMN02649763.contigs.fa.gz,22487a77bbfa97f984e35b6123bd462d1b0f3cc976c3f3927715783ad4821406,3072177,107,3061
moller,SAMN02649764,ERZ4072539,data/moller_genome_benchmark/ena_assemblies/SAMN02649764/SAMN02649764.contigs.fa.gz,37155a6195e40fa963c1416ff58f58b0d0f9dc55c200432a8a914c73a262dba0,2871915,64,2836
moller,SAMN02649765,ERZ4072540,data/moller_genome_benchmark/ena_assemblies/SAMN02649765/SAMN02649765.contigs.fa.gz,f8567ea3d77d37fb99bef7a2b678943538408c6b9f987e63f8fdf62d6d6e69aa,2876402,91,2853
moller,SAMN02649766,ERZ4072541,data/moller_genome_benchmark/ena_assemblies/SAMN02649766/SAMN02649766.contigs.fa.gz,8e435511a8392090d7b4ef160c2f92e76b94e52088c8ae815bebe18ccabd3b59,2828718,104,2805
moller,SAMN02649767,ERZ4072542,data/moller_genome_benchmark/ena_assemblies/SAMN02649767/SAMN02649767.contigs.fa.gz,bf802e79ac37b4788e5c4548d525a3e3af019f722aacbc714656397557fff7b8,2869621,63,2849
moller,SAMN02649769,ERZ4072543,data/moller_genome_benchmark/ena_assemblies/SAMN02649769/SAMN02649769.contigs.fa.gz,fa4974ddfe066e820503d2a8f0fa580bf967034451d99a4ee26e8d4d6ed12e2f,2876595,59,2876
moller,SAMN02649770,ERZ4072546,data/moller_genome_benchmark/ena_assemblies/SAMN02649770/SAMN02649770.contigs.fa.gz,d37a8e8ff9f5184e25fe06a3871914a1f37eadc903de1e7ace3816a3571fa12c,2888971,82,2856
moller,SAMN02649771,GCA_028468695.1,data/moller_genome_benchmark/assemblies/SAMN02649771/GCA_028468695.1_PDT001606645.1_genomic.fna.gz,cc0aab995f164a8720527dce9530557fb5e32eed9cacbe6455a23011da85b2a8,2968706,41,2801
moller,SAMN02649772,ERZ4072547,data/moller_genome_benchmark/ena_assemblies/SAMN02649772/SAMN02649772.contigs.fa.gz,4cac66e834c03a78dd8633e6fb5711c8196f772b4e0ad0636fcc631d14a3284b,2892346,82,2867
moller,SAMN02649773,ERZ4072549,data/moller_genome_benchmark/ena_assemblies/SAMN02649773/SAMN02649773.contigs.fa.gz,eafe275c65b5f728195de727109dd9b2580ef3a243e760afae3e4c370628841f,2785303,49,2763
moller,SAMN02649774,GCA_028468565.1,data/moller_genome_benchmark/assemblies/SAMN02649774/GCA_028468565.1_PDT001606648.1_genomic.fna.gz,598f4ddef7e0ec91a56e2ad16e750d90e8713dbe0c612a90fe6cdada7d1152f3,3018620,125,2907
moller,SAMN02649775,GCA_028468545.1,data/moller_genome_benchmark/assemblies/SAMN02649775/GCA_028468545.1_PDT001606649.1_genomic.fna.gz,93ba15c6b4e8b8a318055bbc9ae723fe065b24d796e79f9736d41733135f95d3,2990799,93,2897
moller,SAMN02649776,ERZ4072551,data/moller_genome_benchmark/ena_assemblies/SAMN02649776/SAMN02649776.contigs.fa.gz,a6b210c2b4d644d631cba79cbb110eebee433dd59547e774e9a3a88ff8fa0056,2828586,38,2801
moller,SAMN02649777,ERZ4072552,data/moller_genome_benchmark/ena_assemblies/SAMN02649777/SAMN02649777.contigs.fa.gz,8021e528a57368d17a2fa9879b995420004805c044783d03658b3d17581e1355,2811825,44,2791
moller,SAMN02649778,ERZ4072553,data/moller_genome_benchmark/ena_assemblies/SAMN02649778/SAMN02649778.contigs.fa.gz,69ac1dfdeeafeefc44d91c191d05ee06296d7392790b121eb0cda60dbd6e2153,2879204,83,2886
moller,SAMN02649779,GCA_028468525.1,data/moller_genome_benchmark/assemblies/SAMN02649779/GCA_028468525.1_PDT001606653.1_genomic.fna.gz,1cce39a7367a914b8510e674d697e55acbe9b72bb6f1de564eac48e82ed4c3a6,2951898,64,2844
moller,SAMN02649780,ERZ4072555,data/moller_genome_benchmark/ena_assemblies/SAMN02649780/SAMN02649780.contigs.fa.gz,5d4ee77062afc535abc51d6f5c2f8c90e1611fda4e025cef7fbbe0a3aa04ce98,2827326,45,2807
moller,SAMN02649781,ERZ4072556,data/moller_genome_benchmark/ena_assemblies/SAMN02649781/SAMN02649781.contigs.fa.gz,73aa39b08898cb5e34083aadecbbfb5d6c57a4ea16aaf556376dd33438ffa650,2888159,66,2853
moller,SAMN02649782,ERZ4072557,data/moller_genome_benchmark/ena_assemblies/SAMN02649782/SAMN02649782.contigs.fa.gz,6cff91a5cd991b9dec2f75893472a826e2ae911fcf77ac74977a70f62bc8a663,2921836,89,2875
moller,SAMN02649783,ERZ4072559,data/moller_genome_benchmark/ena_assemblies/SAMN02649783/SAMN02649783.contigs.fa.gz,6b2a6d34c55a2728dc2510d38258423a2d55658fde01be27e5db3258240a8055,2883267,96,2855
moller,SAMN02649784,ERZ4072558,data/moller_genome_benchmark/ena_assemblies/SAMN02649784/SAMN02649784.contigs.fa.gz,2160b63c5d56544e068ae62d774c55f2e6ccd0f932e033dbba9dd91523017e72,2898053,96,2880
moller,SAMN02649785,ERZ4072560,data/moller_genome_benchmark/ena_assemblies/SAMN02649785/SAMN02649785.contigs.fa.gz,6e37c2e4593f0bc3dc8120f5a4b1071c63f0b19cc53967e29e78dcc736f28f78,2863365,61,2842
moller,SAMN02649786,ERZ4072561,data/moller_genome_benchmark/ena_assemblies/SAMN02649786/SAMN02649786.contigs.fa.gz,3e35a21945205352b35696a399d78fadd77e294d2c25e8d03c029a0aca74a483,2881308,81,2855
moller,SAMN02649787,ERZ4072562,data/moller_genome_benchmark/ena_assemblies/SAMN02649787/SAMN02649787.contigs.fa.gz,92546b82b3610b82e7c8d41b1a597641d076620bb8c235dfa91c55d5ac9861cb,2886441,73,2864
moller,SAMN02649788,ERZ4072563,data/moller_genome_benchmark/ena_assemblies/SAMN02649788/SAMN02649788.contigs.fa.gz,05aaef3cc82c739fbb806e8f430d8553cb6b3105aec790441e59e2a61ddc74e1,2890507,77,2871
moller,SAMN02649789,ERZ4072564,data/moller_genome_benchmark/ena_assemblies/SAMN02649789/SAMN02649789.contigs.fa.gz,84823465544f18880608ab3e18f0f1b9202caa269a37cf156dcf0e1870ce9056,2919133,87,2902
moller,SAMN02649790,ERZ4072565,data/moller_genome_benchmark/ena_assemblies/SAMN02649790/SAMN02649790.contigs.fa.gz,f0fa302a65a66b298e714b81dd588c32c9c6bb7430d56472e0ddf020b4242dd1,2935114,59,2920
moller,SAMN02649791,ERZ4072566,data/moller_genome_benchmark/ena_assemblies/SAMN02649791/SAMN02649791.contigs.fa.gz,8d87ba589e7a2e5a458a60c21e876ddf9779cdfcf03ff4dffe74c7b26477363e,3098932,357,3063
moller,SAMN02649792,ERZ4072567,data/moller_genome_benchmark/ena_assemblies/SAMN02649792/SAMN02649792.contigs.fa.gz,edd0f80126f80b9c53f5b07ae559c26344b78dd7871573bab7124d63cc4f4c46,2722418,45,2683
moller,SAMN02649793,ERZ4072568,data/moller_genome_benchmark/ena_assemblies/SAMN02649793/SAMN02649793.contigs.fa.gz,a7e123ddd5f5c72bf12e793f3da8d5409225084ac44649ee2c513a83ebb444a4,2775656,60,2749
moller,SAMN02649794,ERZ4072569,data/moller_genome_benchmark/ena_assemblies/SAMN02649794/SAMN02649794.contigs.fa.gz,d04fb55cdebfa131a8b0da3956958cecbf387d8ac2f0ff889d82d1d5fe0afbbf,2959451,134,2912
moller,SAMN02649795,ERZ4072570,data/moller_genome_benchmark/ena_assemblies/SAMN02649795/SAMN02649795.contigs.fa.gz,b5939a0d8eda7ab4743ddd41381a748070d6f7ddb1b34e30d0d3cee7a4b3879d,2895138,81,2880
moller,SAMN02649796,ERZ4072571,data/moller_genome_benchmark/ena_assemblies/SAMN02649796/SAMN02649796.contigs.fa.gz,7ed1f7de78844bb399f8be9779e1b6c2d1a621894556cbeb516210acc64563e2,3143344,253,3093
moller,SAMN02649797,ERZ4072572,data/moller_genome_benchmark/ena_assemblies/SAMN02649797/SAMN02649797.contigs.fa.gz,dec4a290ddae6302348dd1573af4007e2099f5a20a7336e2571c06d8adb1d336,2951357,144,2944
moller,SAMN02649798,ERZ4072573,data/moller_genome_benchmark/ena_assemblies/SAMN02649798/SAMN02649798.contigs.fa.gz,040c11cf45da9ae91d65a9bff56670951b6d490b7d5a10cbad6e2624bccdd8f1,2916174,88,2894
moller,SAMN02649799,ERZ4072574,data/moller_genome_benchmark/ena_assemblies/SAMN02649799/SAMN02649799.contigs.fa.gz,7b36e35580e071e2755d574d6cd59c020ea837672cdfa8f6743b0b7d92281dba,2889944,82,2868
moller,SAMN02649800,ERZ4072575,data/moller_genome_benchmark/ena_assemblies/SAMN02649800/SAMN02649800.contigs.fa.gz,3b3acd3232df9f45a189d2c660198b5ba9f7c19cf6a0f44c66316d833e4cd8fa,2860611,68,2837
moller,SAMN02649801,ERZ4072576,data/moller_genome_benchmark/ena_assemblies/SAMN02649801/SAMN02649801.contigs.fa.gz,33c1405b46bdc97fe7cfb16b7bc42c3aac4034a117efaf0288eed5daee31ac97,2812123,73,2787
moller,SAMN02649802,ERZ4072577,data/moller_genome_benchmark/ena_assemblies/SAMN02649802/SAMN02649802.contigs.fa.gz,260fb7d59bd158acf51854db31cd92614964d1fca8120519bda37b1412a0065a,2888925,80,2869
moller,SAMN02649803,ERZ4072578,data/moller_genome_benchmark/ena_assemblies/SAMN02649803/SAMN02649803.contigs.fa.gz,e7304c9f89d1e7833539784fed452946f81ff18e5a1053f02e9b546816cd4aab,2907792,117,2900
moller,SAMN02649804,ERZ4072579,data/moller_genome_benchmark/ena_assemblies/SAMN02649804/SAMN02649804.contigs.fa.gz,9e403230a8859240363d36e416e94b756f01cbb06d5a4f299bfefbeb3c7db423,2926706,125,2905
moller,SAMN02649805,ERZ4072580,data/moller_genome_benchmark/ena_assemblies/SAMN02649805/SAMN02649805.contigs.fa.gz,e5f57eea4090b06ba896b4f64c7e9c4fec7fa559fab4dcc63d59a17e3700c391,2951593,92,2918
moller,SAMN02649806,ERZ4072581,data/moller_genome_benchmark/ena_assemblies/SAMN02649806/SAMN02649806.contigs.fa.gz,0621b59de446dd6335c4ef440cef707e029c74c933b8a54ecc6c07eab9f69cec,2843394,64,2825
moller,SAMN02649807,ERZ4072582,data/moller_genome_benchmark/ena_assemblies/SAMN02649807/SAMN02649807.contigs.fa.gz,d9bbb99187673d08d09a16d5b9d7692a2780cf107f7bacc6daf4834ab1989b68,2837778,77,2848
moller,SAMN02649808,ERZ4072583,data/moller_genome_benchmark/ena_assemblies/SAMN02649808/SAMN02649808.contigs.fa.gz,5c09ee26f6a4aaf1d44bb2300c6a7ac9b48b6601f42ccdf8bd2beaaa9d08341e,2852041,38,2832
moller,SAMN02649809,ERZ4072584,data/moller_genome_benchmark/ena_assemblies/SAMN02649809/SAMN02649809.contigs.fa.gz,cd6a1742b56999ef0c245e0862fa6f83004e0bbca222dc529889c9856e7dc9cd,2789282,62,2741
moller,SAMN02649810,ERZ4072585,data/moller_genome_benchmark/ena_assemblies/SAMN02649810/SAMN02649810.contigs.fa.gz,cf3f89c43594e278db4f53651088c3836c664a953e81ecc18653352b14f084c5,2912301,165,2913
moller,SAMN02649811,ERZ4072586,data/moller_genome_benchmark/ena_assemblies/SAMN02649811/SAMN02649811.contigs.fa.gz,38631d630544b8b756aa1f7a5b64c0784ad4f315f746c57a2a849b654e42532f,2872908,54,2855
moller,SAMN02649812,ERZ4072588,data/moller_genome_benchmark/ena_assemblies/SAMN02649812/SAMN02649812.contigs.fa.gz,c0c3056924fe97e321d76b587ca692b8390e231d3ae7976e1ea1b7f9d23e1102,2915238,95,2894
moller,SAMN02649813,ERZ4072587,data/moller_genome_benchmark/ena_assemblies/SAMN02649813/SAMN02649813.contigs.fa.gz,b999a89d2cf11d33006b465fcc7bb1f0b0f9753e682f25acf29f205b3e6b430c,2945717,188,2908
moller,SAMN02649814,ERZ4072590,data/moller_genome_benchmark/ena_assemblies/SAMN02649814/SAMN02649814.contigs.fa.gz,98607c6ce5e9b079fe10782f630c825430ff54f52b09e7a31420cbcea4d7b9c3,2767945,43,2772
moller,SAMN02649815,ERZ4072589,data/moller_genome_benchmark/ena_assemblies/SAMN02649815/SAMN02649815.contigs.fa.gz,9ed3b8e3005d7c88d7508a3d6ccdcac6cfecacc9f6456eaf7018755b3755b911,2860475,57,2843
moller,SAMN03859721,GCA_026926155.1,data/moller_genome_benchmark/assemblies/SAMN03859721/GCA_026926155.1_PDT001527645.1_genomic.fna.gz,b1af7e6088eb673f993da136b89c1ddcfe3017c966f6bd0022c67ecb83860c09,2943227,235,2921
moller,SAMN03859722,ERZ9441919,data/moller_genome_benchmark/ena_assemblies/SAMN03859722/SAMN03859722.contigs.fa.gz,0216f21453c0f605c348e628962ebc2826096c04619c0a7924a8b02ad556a3f6,2872111,248,2858
moller,SAMN03859723,ERZ4167975,data/moller_genome_benchmark/ena_assemblies/SAMN03859723/SAMN03859723.contigs.fa.gz,ac5d9ff644fbd82cd036f7480667713840ef4b6ac56dba3f8190145c2a6e605e,2734710,273,2721
moller,SAMN03859724,ERZ4167977,data/moller_genome_benchmark/ena_assemblies/SAMN03859724/SAMN03859724.contigs.fa.gz,a09ab254ff40acaa4e1c1a598e9391885d725f384683b23c12d70bc2cf67adef,2870687,478,2831
moller,SAMN03859727,GCA_026925275.1,data/moller_genome_benchmark/assemblies/SAMN03859727/GCA_026925275.1_PDT001527626.1_genomic.fna.gz,a8a41d7cff230fe52275c71519ab8228394556c502d8374901ecfc88a77e2c84,2968785,148,2886
moller,SAMN03859728,ERZ4167980,data/moller_genome_benchmark/ena_assemblies/SAMN03859728/SAMN03859728.contigs.fa.gz,d125a369ca6412e0ff55cf6740d58e2f9685da354e3bba69de9feff14c1e98c2,2734790,239,2710
moller,SAMN03859729,GCA_026920315.1,data/moller_genome_benchmark/assemblies/SAMN03859729/GCA_026920315.1_PDT001527653.1_genomic.fna.gz,1a52ca6a8297a57e3bcf752111e0dee3293e5ac1d185493941b2b39aefb7c4aa,2801119,92,2734
moller,SAMN03859732,ERZ9441923,data/moller_genome_benchmark/ena_assemblies/SAMN03859732/SAMN03859732.contigs.fa.gz,004f670b3885533064a85e6e847e197eaba9c91028c6c3e62ba081ab58976815,2863043,455,2859
moller,SAMN03859735,ERZ9441924,data/moller_genome_benchmark/ena_assemblies/SAMN03859735/SAMN03859735.contigs.fa.gz,41b1e236506c164f2698a86432d6c1a76acb84ff87cd82afd40aaaf022284a51,2765267,431,2771
moller,SAMN03859736,GCA_026924995.1,data/moller_genome_benchmark/assemblies/SAMN03859736/GCA_026924995.1_PDT001527659.1_genomic.fna.gz,5e397ee4882e67963389b73b75fcaf87d015219d1147fb5af5155f25dbf3dcd3,2788370,258,2790
moller,SAMN03859737,ERZ4167990,data/moller_genome_benchmark/ena_assemblies/SAMN03859737/SAMN03859737.contigs.fa.gz,40b3695f32a9807e8f8ad77654e907b880bfb49a7c1420d02fffd22009166c4b,3009922,185,2985
moller,SAMN03859738,GCA_026926255.1,data/moller_genome_benchmark/assemblies/SAMN03859738/GCA_026926255.1_PDT001527622.1_genomic.fna.gz,b126665b253509f16e643070eadd446d88e3483f3428f1bb77bd48361ff1718b,2978557,83,2848
moller,SAMN03859740,ERZ9441930,data/moller_genome_benchmark/ena_assemblies/SAMN03859740/SAMN03859740.contigs.fa.gz,e586a51beab49ea66bd4364df12662e8db1a718fac930d59eae0415b8938b9c3,2742807,209,2740
moller,SAMN03859741,ERZ4167996,data/moller_genome_benchmark/ena_assemblies/SAMN03859741/SAMN03859741.contigs.fa.gz,e7286c7c97e736e1f9c2e463b46836a5eb814bb3d249556bea7f06ee02a2df59,2673702,383,2624
moller,SAMN03859743,ERZ4167994,data/moller_genome_benchmark/ena_assemblies/SAMN03859743/SAMN03859743.contigs.fa.gz,a3e97c7bf73130d8eaadec8ef32fa0a48003a3fb8787956eb154b70a3880f5ce,2783543,290,2786
moller,SAMN03859744,GCA_026938245.1,data/moller_genome_benchmark/assemblies/SAMN03859744/GCA_026938245.1_PDT001527664.1_genomic.fna.gz,884c66d40d75cd32ec89a5b2019734222e3082cacc180779432a781cb25cfd31,2740644,369,2712
moller,SAMN03859745,ERZ9441933,data/moller_genome_benchmark/ena_assemblies/SAMN03859745/SAMN03859745.contigs.fa.gz,5754b540d46a1e12de145ff16efd9f0d57366f353414fafde6a5801c858dfa8b,2708060,118,2678
moller,SAMN03859747,ERZ9441936,data/moller_genome_benchmark/ena_assemblies/SAMN03859747/SAMN03859747.contigs.fa.gz,9223584b0c9522eb3047f127e803921eb2672ce2ec70a758cb55b093d093ac83,2798934,418,2782
moller,SAMN03859748,GCA_026920335.1,data/moller_genome_benchmark/assemblies/SAMN03859748/GCA_026920335.1_PDT001527620.1_genomic.fna.gz,fd9f737319ca793836732f5c1519d816e87fca0d60749ffa46cc5d847c202e51,2715662,39,2714
moller,SAMN03859752,ERZ9441938,data/moller_genome_benchmark/ena_assemblies/SAMN03859752/SAMN03859752.contigs.fa.gz,ed305dcc7605934aad1b75daf1858929989c87881ec3c63587e604a2d6ac3d66,2640689,360,2612
moller,SAMN03859753,ERZ9441939,data/moller_genome_benchmark/ena_assemblies/SAMN03859753/SAMN03859753.contigs.fa.gz,3450e157db5c516cab3f7688039a589d04dd618548e117ead60a60bbf4bf0f27,2721682,240,2690
moller,SAMN03859755,ERZ9441945,data/moller_genome_benchmark/ena_assemblies/SAMN03859755/SAMN03859755.contigs.fa.gz,ec58d4507d2c8cee7a00690d337f75fb0a333eedd041d4fc1b98d4027e9aeac6,2695781,287,2667
moller,SAMN03859756,GCF_026920295.1,data/moller_genome_benchmark/assemblies/SAMN03859756/GCF_026920295.1_PDT001527669.1_genomic.fna.gz,e08ffe7c635c9594029a1ab2d2140e5ff57b0f2ec0c185d94ad5787e5230c0f8,2773035,266,2716
moller,SAMN03859757,ERZ4168002,data/moller_genome_benchmark/ena_assemblies/SAMN03859757/SAMN03859757.contigs.fa.gz,c66202687131b465477335e465221485e6307052abdaf5121ef7ba0556e3d085,2721233,192,2684
moller,SAMN03859758,GCA_026925055.1,data/moller_genome_benchmark/assemblies/SAMN03859758/GCA_026925055.1_PDT001527671.1_genomic.fna.gz,b1f4c3145509d1e60912d637b739278537a66a7452e79b2a6d8dbc480b7185b2,2732472,249,2716
moller,SAMN03859759,ERZ9441951,data/moller_genome_benchmark/ena_assemblies/SAMN03859759/SAMN03859759.contigs.fa.gz,7461f6cbabb5cc168ac802d671259edeb0289d163eab97a28dfa5a3168863770,2803943,248,2811
moller,SAMN03859760,GCA_026938205.1,data/moller_genome_benchmark/assemblies/SAMN03859760/GCA_026938205.1_PDT001527673.1_genomic.fna.gz,b28b0ca7f020e26655a93c2a2bfec2dc1393a5663824af0868dd93f8a974fc76,2744572,300,2738
moller,SAMN03859761,GCA_026938165.1,data/moller_genome_benchmark/assemblies/SAMN03859761/GCA_026938165.1_PDT001527674.1_genomic.fna.gz,ab30a6b352ba897afbf1eefe0a4ed30ca19dde559e6d67ccc9d6a8465a7819d2,2801423,340,2775
moller,SAMN03859762,ERZ4168008,data/moller_genome_benchmark/ena_assemblies/SAMN03859762/SAMN03859762.contigs.fa.gz,88a23c4147e7b4c36635e55c83c429ab43fcd69b3da0da25cf2c49c3a84c8e79,2731739,104,2708
moller,SAMN03859763,GCA_026926185.1,data/moller_genome_benchmark/assemblies/SAMN03859763/GCA_026926185.1_PDT001527676.1_genomic.fna.gz,4e38fa7931c9b865b2135ecd3046f79bcb4e9e246da8fe4752f220e57945732a,2738132,278,2734
moller,SAMN03859765,ERZ4168006,data/moller_genome_benchmark/ena_assemblies/SAMN03859765/SAMN03859765.contigs.fa.gz,f021bd3306fc233c12d396503712253f71c2532f7c577d4cd8c149d02ce3c13e,2693901,186,2714
moller,SAMN03859766,ERZ4168009,data/moller_genome_benchmark/ena_assemblies/SAMN03859766/SAMN03859766.contigs.fa.gz,4de56ab5433cfdf2b60906500b6ad12f62a59371358e9cde9ddf5975a01864f1,2832165,147,2801
moller,SAMN03859767,GCA_026925255.1,data/moller_genome_benchmark/assemblies/SAMN03859767/GCA_026925255.1_PDT001527679.1_genomic.fna.gz,50f46a8b563dd6fc602e7da71fae9051fc01705dc2cd906054bd99bde4501910,2806912,480,2792
moller,SAMN03859769,ERZ9441955,data/moller_genome_benchmark/ena_assemblies/SAMN03859769/SAMN03859769.contigs.fa.gz,3a8c571decac2edb798a01a1dde124fde7e474e3785896c7089148c1d3cc6011,2694749,116,2652
moller,SAMN03859770,ERZ4168011,data/moller_genome_benchmark/ena_assemblies/SAMN03859770/SAMN03859770.contigs.fa.gz,8450878f796f87424fa72078130f3a078e076fc3969686a375e9bc36c64aa81d,2818049,71,2799
moller,SAMN03859774,ERZ4168019,data/moller_genome_benchmark/ena_assemblies/SAMN03859774/SAMN03859774.contigs.fa.gz,a40391ca173a037ea71762a002410c366f71840b362758a836166aa395eb4857,2727509,196,2714
moller,SAMN03859775,ERZ9441958,data/moller_genome_benchmark/ena_assemblies/SAMN03859775/SAMN03859775.contigs.fa.gz,a83bcbc82fd36e9791ccf748ae805ce8b8d7c6819e69b75b1122c2fd65e68c3e,2776571,262,2768
moller,SAMN03859776,ERZ9441960,data/moller_genome_benchmark/ena_assemblies/SAMN03859776/SAMN03859776.contigs.fa.gz,a639b3f35b8ccfecf567746140946c192ef90468f71f16aefd85e4cfbdec9380,2730299,146,2685
moller,SAMN03859777,ERZ9441961,data/moller_genome_benchmark/ena_assemblies/SAMN03859777/SAMN03859777.contigs.fa.gz,39f11b5096ebb2c2e48efbb17128793340afa48e9df40df83cc2ba0ae060f558,2704943,260,2661
moller,SAMN03859778,ERZ9441962,data/moller_genome_benchmark/ena_assemblies/SAMN03859778/SAMN03859778.contigs.fa.gz,3f35eaa72fe82181bc077bdbebf4b78b7faca53a7728ea149369f0f92392eb25,2807085,277,2765
moller,SAMN03859783,GCA_026924905.1,data/moller_genome_benchmark/assemblies/SAMN03859783/GCA_026924905.1_PDT001527691.1_genomic.fna.gz,0ad043e0362bf573ab5b294e4ccb722c319568f1beea6cbad75294bdb61825bc,2763894,174,2739
moller,SAMN03859784,ERZ4168027,data/moller_genome_benchmark/ena_assemblies/SAMN03859784/SAMN03859784.contigs.fa.gz,261bec6038ae07b74e8512b41a44e65cb882633c563f2b7853da81ee2c41bc1b,2810509,95,2853
moller,SAMN03859785,ERZ4168029,data/moller_genome_benchmark/ena_assemblies/SAMN03859785/SAMN03859785.contigs.fa.gz,6508171fc55b08cf2360e795e892137555f2bce5cdb911bd103202e4a1443c43,2737513,396,2735
moller,SAMN03859786,ERZ9441964,data/moller_genome_benchmark/ena_assemblies/SAMN03859786/SAMN03859786.contigs.fa.gz,c6a3878c002c837a709a0c8ce71b37e5ddb8f1e60814209b752d92205d40a176,2843101,181,2820
moller,SAMN03859787,ERZ4168030,data/moller_genome_benchmark/ena_assemblies/SAMN03859787/SAMN03859787.contigs.fa.gz,bc45082185ce9abb4947647cdc90fa2d3974e3b751248f64a856762242d0daa1,2776508,155,2800
moller,SAMN03859789,GCA_026938225.1,data/moller_genome_benchmark/assemblies/SAMN03859789/GCA_026938225.1_PDT001527636.1_genomic.fna.gz,f6198dcde946e5bcc80572ca4d7d25c19fcfad98f8b56807ab330dc7b805f8bb,2768730,283,2722
moller,SAMN03859790,ERZ4168036,data/moller_genome_benchmark/ena_assemblies/SAMN03859790/SAMN03859790.contigs.fa.gz,e8fcc6ec73f53e9f3e541b9750e2f7f9c2155df9cf1a4a526b3f7908ebed0053,2786991,173,2776
moller,SAMN03859792,GCA_026923395.1,data/moller_genome_benchmark/assemblies/SAMN03859792/GCA_026923395.1_PDT001527697.1_genomic.fna.gz,b7802db96257c8f26f1da58404269122357b1d4e0ce250febe217cb5e2b6eb48,2738724,243,2704
moller,SAMN03859793,GCA_026925155.1,data/moller_genome_benchmark/assemblies/SAMN03859793/GCA_026925155.1_PDT001527698.1_genomic.fna.gz,7904470ce6c9a82bfceddde06639fab3995f4c1694e50624b8580cfb55aa7fb6,2760136,295,2734
moller,SAMN03859794,GCA_026924835.1,data/moller_genome_benchmark/assemblies/SAMN03859794/GCA_026924835.1_PDT001527699.1_genomic.fna.gz,6603aa2a3a729558a26f3f5c646e3b849ff8ffa0bd350b25dbadf2129359c7f4,2733939,193,2713
moller,SAMN03859795,ERZ4168042,data/moller_genome_benchmark/ena_assemblies/SAMN03859795/SAMN03859795.contigs.fa.gz,8dd81a9af28363abf80188cbb05fbed00f7b2166b6f630cd3e6aa454ef83e399,2719493,293,2710
moller,SAMN03859796,ERZ9441966,data/moller_genome_benchmark/ena_assemblies/SAMN03859796/SAMN03859796.contigs.fa.gz,86563f15b88c558728cf71113bf5fc7f8a58532e315a2c5f3e07dff1cc79caac,2846041,162,2806
moller,SAMN03859797,ERZ9441972,data/moller_genome_benchmark/ena_assemblies/SAMN03859797/SAMN03859797.contigs.fa.gz,1932fcb86b0810abce3286cf90062d5f3eb8a51b9be5c30ffabe64aaf5f26d2d,2697745,239,2698
moller,SAMN03859798,ERZ9441971,data/moller_genome_benchmark/ena_assemblies/SAMN03859798/SAMN03859798.contigs.fa.gz,96ef2838609f3d362b3c0f0e23cfaf1b8e63aa082042722243e43d08560b4743,2802272,148,2801
moller,SAMN03859799,ERZ9441975,data/moller_genome_benchmark/ena_assemblies/SAMN03859799/SAMN03859799.contigs.fa.gz,8f2209fed26392e52f8aa091df4a2b2b89f967bcb15eed52ec84550bb49a8a3b,2704751,161,2713
moller,SAMN03859800,ERZ9441977,data/moller_genome_benchmark/ena_assemblies/SAMN03859800/SAMN03859800.contigs.fa.gz,1a0c40ebcc2d6736c58e3d0816503ff58372f3f760a6665ab4a0317e89d292ee,2878152,459,2829
moller,SAMN03859801,ERZ4168048,data/moller_genome_benchmark/ena_assemblies/SAMN03859801/SAMN03859801.contigs.fa.gz,90fd907e95a26566e2faed7004aabf2d59d705a87e59501b4e13fcd7d32d39b9,2749828,159,2741
moller,SAMN03859802,ERZ9441978,data/moller_genome_benchmark/ena_assemblies/SAMN03859802/SAMN03859802.contigs.fa.gz,c0c83ee728e43b057df49eb43b772f8f4eb68e47d10ea9aa9018014c057e2e62,2796878,133,2757
moller,SAMN03859803,ERZ4168049,data/moller_genome_benchmark/ena_assemblies/SAMN03859803/SAMN03859803.contigs.fa.gz,95b22c7ee5a18fa0a97b6941136992cbdc9d97723252e78c4e09ea96dc4f75b9,2751332,256,2744
moller,SAMN03859805,ERZ4168053,data/moller_genome_benchmark/ena_assemblies/SAMN03859805/SAMN03859805.contigs.fa.gz,5b93232f2db7425a37ba33263a87d27c232f65a983d142abcb9103b67f94ef76,2830696,126,2780
moller,SAMN03859806,ERZ9441980,data/moller_genome_benchmark/ena_assemblies/SAMN03859806/SAMN03859806.contigs.fa.gz,1724b7f2762ef16571a9b19eddacfeceb8d0c654e9ac67ca42f002ad49d4c156,2663972,387,2658
moller,SAMN03859807,ERZ4168055,data/moller_genome_benchmark/ena_assemblies/SAMN03859807/SAMN03859807.contigs.fa.gz,25150464e3c143abd2d24b36f0ba4f53c02b850bd389ddbba03a81cf19258e4a,2774663,232,2782
moller,SAMN03859808,GCA_026923295.1,data/moller_genome_benchmark/assemblies/SAMN03859808/GCA_026923295.1_PDT001527710.1_genomic.fna.gz,1f044b82480282525ed98eadc5a9bc73211453919a141e31690a784d404722dd,2752840,333,2674
moller,SAMN03859809,ERZ9441981,data/moller_genome_benchmark/ena_assemblies/SAMN03859809/SAMN03859809.contigs.fa.gz,5d10313a5e05a6fc2ba3b61d40b0b073d768509f2ca817fe695cee54ae4ed05e,3112345,458,2999
moller,SAMN03859813,ERZ4168064,data/moller_genome_benchmark/ena_assemblies/SAMN03859813/SAMN03859813.contigs.fa.gz,83112d2211f817f333b5013d8f746726f782a7a46ab228e6cc003393d9164fcd,2727382,380,2752
moller,SAMN03859814,ERZ4168062,data/moller_genome_benchmark/ena_assemblies/SAMN03859814/SAMN03859814.contigs.fa.gz,f7d9f534ec40b8c9f8b8aadbc05e7cf04d233a0fa5d696c44e27b4d076557340,2650997,240,2680
moller,SAMN03859815,ERZ9441983,data/moller_genome_benchmark/ena_assemblies/SAMN03859815/SAMN03859815.contigs.fa.gz,1f4381feabbbb9f14036976f27a67ecee229e67029a538ed5940c2def4b9fe10,2749450,300,2757
moller,SAMN03859816,GCA_026922815.1,data/moller_genome_benchmark/assemblies/SAMN03859816/GCA_026922815.1_PDT001527610.1_genomic.fna.gz,e50c085d7e5fc3e22504afca9b3ff58622825bf43e5a3b9ad01555c0c9631702,3105067,42,2836
moller,SAMN03859817,ERZ9441985,data/moller_genome_benchmark/ena_assemblies/SAMN03859817/SAMN03859817.contigs.fa.gz,5fb07b4646772b7401992bb7cbe4bc9572d97cc5b5fc337aa7f9da832ad35642,2833604,180,2772
moller,SAMN03859818,ERZ4168070,data/moller_genome_benchmark/ena_assemblies/SAMN03859818/SAMN03859818.contigs.fa.gz,e3bc8ce508ecf8f2d2db815297dc8ffc312c13839b2fa0919cdb3da171d1d2cb,2760524,147,2756
moller,SAMN03859819,ERZ4168069,data/moller_genome_benchmark/ena_assemblies/SAMN03859819/SAMN03859819.contigs.fa.gz,e0ad521e31c083b8e46808830bab3f20515ce79158e552db6632d60062df407e,2874163,377,2857
moller,SAMN03859820,ERZ9441986,data/moller_genome_benchmark/ena_assemblies/SAMN03859820/SAMN03859820.contigs.fa.gz,912ef65c4e0f116e4c5a61da2f6dcf4b60137b4b175f98fa45cdea52aa342dfe,2693554,166,2685
moller,SAMN03859821,ERZ4168072,data/moller_genome_benchmark/ena_assemblies/SAMN03859821/SAMN03859821.contigs.fa.gz,40ade2b3cd7af5e3165546e6b03d33a78a018540eb6abf205a6659b0fa83f1c1,2656919,189,2650
moller,SAMN03859824,ERZ9441989,data/moller_genome_benchmark/ena_assemblies/SAMN03859824/SAMN03859824.contigs.fa.gz,16564cc13d243ee6b392a82c417c277a9a8e82c36bc9d1cb4e95089de0f78385,2694959,467,2698
moller,SAMN03859826,ERZ9441992,data/moller_genome_benchmark/ena_assemblies/SAMN03859826/SAMN03859826.contigs.fa.gz,935cadc6aac1fa2a2c45bd939db19f9e59284d0884cec7f35b0f5e03dc1b809a,2684389,307,2677
moller,SAMN03859829,ERZ9441995,data/moller_genome_benchmark/ena_assemblies/SAMN03859829/SAMN03859829.contigs.fa.gz,6852eae497a8ee493903680dd250fa37ee17a7bdf1bafbdbac2dc746dfdb50e7,2687713,377,2637
moller,SAMN03859830,ERZ9441996,data/moller_genome_benchmark/ena_assemblies/SAMN03859830/SAMN03859830.contigs.fa.gz,49170e6be9f85a7049889bee560b9a7aa98edbc64ca2e3c7d85eac797bc3c64d,2681308,387,2668
moller,SAMN03859831,ERZ4168079,data/moller_genome_benchmark/ena_assemblies/SAMN03859831/SAMN03859831.contigs.fa.gz,ba2f45d89b3c0e0a08631cf83cd2734d221485886ef8692d9a880e0ed8416f27,2658289,436,2622
moller,SAMN03859833,ERZ9442001,data/moller_genome_benchmark/ena_assemblies/SAMN03859833/SAMN03859833.contigs.fa.gz,234a8dec250e0f1187cb2f7a099e2e8a9c71f86bf1366d36e8773a8594b8dcbe,2746190,373,2738
moller,SAMN03859838,GCA_026926095.1,data/moller_genome_benchmark/assemblies/SAMN03859838/GCA_026926095.1_PDT001527735.1_genomic.fna.gz,d894f6e1def0637b9ee8861468bdd220e89ea100c4c895cf85ee83911793714f,2920515,280,2886
moller,SAMN03859839,GCA_026920415.1,data/moller_genome_benchmark/assemblies/SAMN03859839/GCA_026920415.1_PDT001527624.1_genomic.fna.gz,3fb89dfeed16cd6ef56cb5970120e1a32869bd47edf3be0896b977bd5fc24188,2770733,163,2706
moller,SAMN03859840,GCA_026925555.1,data/moller_genome_benchmark/assemblies/SAMN03859840/GCA_026925555.1_PDT001527623.1_genomic.fna.gz,1cf20334237a48c373a0261f6feeea6be2d6b596d26b21f44504b2d93c167c72,2829541,91,2728
moller,SAMN04244164,GCA_026925035.1,data/moller_genome_benchmark/assemblies/SAMN04244164/GCA_026925035.1_PDT001527631.1_genomic.fna.gz,bc980fbfd277593dc19a7865f6e7a0283365d3d4bfccda27a9a9dd6f8fcd0c87,2663162,135,2651
moller,SAMN04244165,GCA_026925125.1,data/moller_genome_benchmark/assemblies/SAMN04244165/GCA_026925125.1_PDT001527630.1_genomic.fna.gz,3e5606b771ce64311b506fbf5bf1664731a6a5299863eabc7ed4602eb3bb736d,2871323,357,2832
moller,SAMN04244166,GCA_026920795.1,data/moller_genome_benchmark/assemblies/SAMN04244166/GCA_026920795.1_PDT001527629.1_genomic.fna.gz,506e8a79c4f86a514faa529bbf38f1fe74441a09f8cd1575c9736d080a73ad40,2772166,400,2724
moller,SAMN09847804,GCF_003720255.1,data/moller_genome_benchmark/assemblies/SAMN09847804/GCF_003720255.1_ASM372025v1_genomic.fna.gz,984d62cf77421a740e4e35a28991185cf9e36eedf8f007705b6173e634a49082,2788868,43,2753
moller,SAMN09847805,GCF_003720945.1,data/moller_genome_benchmark/assemblies/SAMN09847805/GCF_003720945.1_ASM372094v1_genomic.fna.gz,2c4ce813bdc0405b059a05eccd4b8918d58cb376c10ed86155fba104833f8e4b,2791081,31,2766
moller,SAMN09847806,GCF_003721095.1,data/moller_genome_benchmark/assemblies/SAMN09847806/GCF_003721095.1_ASM372109v1_genomic.fna.gz,da9161f2772af085d942c45dfc9aba2a53d9ea468545c8d7776bb933c9fa233e,2695371,47,2669
moller,SAMN09847807,GCF_003721055.1,data/moller_genome_benchmark/assemblies/SAMN09847807/GCF_003721055.1_ASM372105v1_genomic.fna.gz,f75de00e2bed600a3778b5c0ad5b103b2ea119e654d1b8ae828e0eb2ffe3658a,2741344,31,2742
moller,SAMN09847808,GCF_003721035.1,data/moller_genome_benchmark/assemblies/SAMN09847808/GCF_003721035.1_ASM372103v1_genomic.fna.gz,477823cdcf9c502f2e1556cf5a4fb5a28b24468b2c30aa531539b58736e0ab08,2702509,54,2681
moller,SAMN09847809,GCF_003721075.1,data/moller_genome_benchmark/assemblies/SAMN09847809/GCF_003721075.1_ASM372107v1_genomic.fna.gz,024780ef7791f2831b41ede505784862d9d377e84bd8a28fd74efcfb7ceed949,2742955,50,2712
moller,SAMN09847810,GCF_003720995.1,data/moller_genome_benchmark/assemblies/SAMN09847810/GCF_003720995.1_ASM372099v1_genomic.fna.gz,8edc9a3701753b6b3c041a1c4de1edccc99654a6d13f4cc6dcc5097fd0761ceb,2734154,32,2718
moller,SAMN09847811,GCF_003721005.1,data/moller_genome_benchmark/assemblies/SAMN09847811/GCF_003721005.1_ASM372100v1_genomic.fna.gz,973061622ec620f45d2a2a66d0e129f97ae3a2032d0b0f2f85a75daacd695348,2871626,72,2852
moller,SAMN09847812,GCF_003720975.1,data/moller_genome_benchmark/assemblies/SAMN09847812/GCF_003720975.1_ASM372097v1_genomic.fna.gz,56ba18b23673185e5be2194c9e248230514e0065491c3407063336ea843a28b3,2738552,61,2717
moller,SAMN09847813,GCF_003720935.1,data/moller_genome_benchmark/assemblies/SAMN09847813/GCF_003720935.1_ASM372093v1_genomic.fna.gz,7e07f8d9cb5dcca06562369907e949f3ace506118405a668ccbabba718b22a95,2737369,35,2721
moller,SAMN09847814,GCF_003720915.1,data/moller_genome_benchmark/assemblies/SAMN09847814/GCF_003720915.1_ASM372091v1_genomic.fna.gz,4839d630eb2fe9712542c150bee284ecdd37ef8595f5dff9ee25e11c062b7a75,2843748,80,2810
moller,SAMN09847815,GCF_003720885.1,data/moller_genome_benchmark/assemblies/SAMN09847815/GCF_003720885.1_ASM372088v1_genomic.fna.gz,a180be37d17cdbf114c912316fd5b7a19200fc558a4b6375fc4185359f67fc60,2656854,37,2625
moller,SAMN09847816,GCF_003720875.1,data/moller_genome_benchmark/assemblies/SAMN09847816/GCF_003720875.1_ASM372087v1_genomic.fna.gz,46d7e6b6be2466a120b910a0740206f4fd4a8ff51d4d2d039423ae4079b9d616,2816350,47,2813
moller,SAMN09847817,GCF_003720845.1,data/moller_genome_benchmark/assemblies/SAMN09847817/GCF_003720845.1_ASM372084v1_genomic.fna.gz,247ff4fd6c070053ae4ac5dcbb1a56b7278684f6f14277536b487f1e1a0342d7,2733025,36,2683
moller,SAMN09847818,GCF_003720835.1,data/moller_genome_benchmark/assemblies/SAMN09847818/GCF_003720835.1_ASM372083v1_genomic.fna.gz,d6126da79d3368593bfbf71b06586757f9bfd8c6faa0b79c0d172e31346ec05f,2776591,32,2757
moller,SAMN09847819,GCF_003720795.1,data/moller_genome_benchmark/assemblies/SAMN09847819/GCF_003720795.1_ASM372079v1_genomic.fna.gz,76414fae344a1b9822714f6257ebcf75565e00df827e0e867912f9e4a9d78b6e,2822328,67,2794
moller,SAMN09847820,GCF_003720815.1,data/moller_genome_benchmark/assemblies/SAMN09847820/GCF_003720815.1_ASM372081v1_genomic.fna.gz,1f56339fa2dcaa6850649e93dd119b2d20c1d24ee7ed396751d7aa9ef6b0e808,2819773,66,2793
moller,SAMN09847821,GCF_003719895.1,data/moller_genome_benchmark/assemblies/SAMN09847821/GCF_003719895.1_ASM371989v1_genomic.fna.gz,99f22e1adce682927de452fd21fa3388e7be4c687eb73ed85c546edf4782ca81,2967979,176,2947
moller,SAMN09847822,GCF_003720745.1,data/moller_genome_benchmark/assemblies/SAMN09847822/GCF_003720745.1_ASM372074v1_genomic.fna.gz,8f58e66a927c3841462c6826770f49091ee487a4848323fa6dbf1c1452354de3,2818295,60,2794
moller,SAMN09847823,GCF_003720245.1,data/moller_genome_benchmark/assemblies/SAMN09847823/GCF_003720245.1_ASM372024v1_genomic.fna.gz,01db68c62f81c926596132aa4d11a739e0c95382aeae2b0d0752b435ea8ee5a2,2822821,71,2795
moller,SAMN09847824,GCF_003720115.1,data/moller_genome_benchmark/assemblies/SAMN09847824/GCF_003720115.1_ASM372011v1_genomic.fna.gz,22026501961470e90ae3f2f4440c1211d3db02cadb3ef67b4ca1e8c8142156a2,2702434,39,2656
moller,SAMN09847825,GCF_003431365.1,data/moller_genome_benchmark/assemblies/SAMN09847825/GCF_003431365.1_ASM343136v1_genomic.fna.gz,38acbeecd6e95854ee509ad8bf4bd026570037c07bd084ab98e881badbe875da,2782740,1,2728
moller,SAMN09847826,GCF_003720435.1,data/moller_genome_benchmark/assemblies/SAMN09847826/GCF_003720435.1_ASM372043v1_genomic.fna.gz,7ac7a574d969a590607e291bed041b46b35acde3c6516735c4974a20a113e7fd,2788410,54,2757
moller,SAMN09847827,GCF_003720775.1,data/moller_genome_benchmark/assemblies/SAMN09847827/GCF_003720775.1_ASM372077v1_genomic.fna.gz,b7f3cdd9e53e7b1c1e0645d4851871972af4a9dcd789eb28fa3795cd9f5061ac,2787015,49,2755
moller,SAMN09847828,GCF_003720715.1,data/moller_genome_benchmark/assemblies/SAMN09847828/GCF_003720715.1_ASM372071v1_genomic.fna.gz,e79e2e4fdcb9c4bfbcb383d9dd58c0c968d11bfff84964e3699c2cd9e60eb036,2787692,49,2756
moller,SAMN09847829,GCF_003720735.1,data/moller_genome_benchmark/assemblies/SAMN09847829/GCF_003720735.1_ASM372073v1_genomic.fna.gz,279a3a816a33cbf45bbadf737435ddd598b7ed49b4f77f99089cdbc638fdf463,2787023,49,2755
moller,SAMN09847830,GCF_003720205.1,data/moller_genome_benchmark/assemblies/SAMN09847830/GCF_003720205.1_ASM372020v1_genomic.fna.gz,250b326d3ea3c151b5c96b637cd6471de7995574a2c05f4bb3c777e8f202fafa,2787985,49,2758
moller,SAMN09847831,GCF_003720195.1,data/moller_genome_benchmark/assemblies/SAMN09847831/GCF_003720195.1_ASM372019v1_genomic.fna.gz,ea7a8fb34bed470ec6a552f6a864ce0245a10b5be4dc4bcb2a45400e301d0420,2895019,46,2883
moller,SAMN09847832,GCF_003720355.1,data/moller_genome_benchmark/assemblies/SAMN09847832/GCF_003720355.1_ASM372035v1_genomic.fna.gz,8e7867d4b20b0e34f6591d1e093539c0c7f4017abc7aa0ea8e5ea74312edc08f,2714903,43,2669
moller,SAMN09847833,GCF_003719855.1,data/moller_genome_benchmark/assemblies/SAMN09847833/GCF_003719855.1_ASM371985v1_genomic.fna.gz,98b57a43fcf8009c8c4c918a8059e8c9d8ac3e89b21bf6156412b4fd4daaf28d,2753672,37,2711
moller,SAMN09847834,GCF_003720305.1,data/moller_genome_benchmark/assemblies/SAMN09847834/GCF_003720305.1_ASM372030v1_genomic.fna.gz,5fb84c078c85b08176cfdc2d5a68f901180d6e7753d21053f9e8ae473add66bb,2828883,46,2799
moller,SAMN09847835,GCF_003720025.1,data/moller_genome_benchmark/assemblies/SAMN09847835/GCF_003720025.1_ASM372002v1_genomic.fna.gz,27b69e6629d7d438eda474eec3f0cc992241758b19e8553d89052a455c5fd41b,2741496,40,2707
moller,SAMN09847836,GCF_003720485.1,data/moller_genome_benchmark/assemblies/SAMN09847836/GCF_003720485.1_ASM372048v1_genomic.fna.gz,7c9f4ccc5a9805c66df7f7f7a4a44b00dc5521aca6f90feed439655143473a0d,2790920,49,2717
moller,SAMN09847837,GCF_003720135.1,data/moller_genome_benchmark/assemblies/SAMN09847837/GCF_003720135.1_ASM372013v1_genomic.fna.gz,ce97adc1f5655cc8e805b6d4e76fe6226b63003a17c798145db12a3d45b9c726,2662831,40,2634
moller,SAMN09847838,GCF_003720015.1,data/moller_genome_benchmark/assemblies/SAMN09847838/GCF_003720015.1_ASM372001v1_genomic.fna.gz,a4740ccafda96114d99e02e79e4c91e230245ea96267c5ff91607ada4c19aa65,2783493,37,2763
moller,SAMN09847839,GCF_003719995.1,data/moller_genome_benchmark/assemblies/SAMN09847839/GCF_003719995.1_ASM371999v1_genomic.fna.gz,ea6574c8832a3ed35b4d51007a532424d62234ccda08d0a57fbc1dd78c3ad5ea,2782586,35,2763
moller,SAMN09847840,GCF_003720375.1,data/moller_genome_benchmark/assemblies/SAMN09847840/GCF_003720375.1_ASM372037v1_genomic.fna.gz,d154a141f163299b02f235d30e8028ae245103550db2278b576fa2fd339bd379,2784304,37,2761
moller,SAMN09847841,GCF_003720445.1,data/moller_genome_benchmark/assemblies/SAMN09847841/GCF_003720445.1_ASM372044v1_genomic.fna.gz,50a41c1d57ee7f1cd4c3955482cb3b13d05b741c665eecfebfd0e4c97a62bf5d,2791679,37,2778
moller,SAMN09847842,GCF_003720385.1,data/moller_genome_benchmark/assemblies/SAMN09847842/GCF_003720385.1_ASM372038v1_genomic.fna.gz,32af37ad8f2dc9a2b3e60c515424b20811d87a3ec1b64696c838c173a2ea3579,2927132,117,2866
moller,SAMN09847843,GCF_003719905.1,data/moller_genome_benchmark/assemblies/SAMN09847843/GCF_003719905.1_ASM371990v1_genomic.fna.gz,94fa87ed25ae21e1ca895aae48d6645346b249ce54bdc8e1a9b1b24a49c6a0a4,2691630,42,2656
moller,SAMN09847844,GCF_003720415.1,data/moller_genome_benchmark/assemblies/SAMN09847844/GCF_003720415.1_ASM372041v1_genomic.fna.gz,440dbd1a32d500ea1964a23c70ff06216972f935eb5f878756363547f618bd07,2898057,83,2869
moller,SAMN09847845,GCF_003719965.1,data/moller_genome_benchmark/assemblies/SAMN09847845/GCF_003719965.1_ASM371996v1_genomic.fna.gz,be3aa57fffa1ca8ff7cd1e4cde761396d38315e2fbf0dc3c64c50d6b5085fe46,2751330,62,2720
moller,SAMN09847846,GCF_003720235.1,data/moller_genome_benchmark/assemblies/SAMN09847846/GCF_003720235.1_ASM372023v1_genomic.fna.gz,495325ded11b26b3e37fac98f04a32a5447f2365410d6d15ab3cc1f5c2eb0ae4,2748954,42,2708
moller,SAMN09847847,GCF_003719945.1,data/moller_genome_benchmark/assemblies/SAMN09847847/GCF_003719945.1_ASM371994v1_genomic.fna.gz,207bc949cf3603311a9bf207a635d1b48033e97b51fea738029115c1c521b238,2823147,43,2802
moller,SAMN09847848,GCF_003719845.1,data/moller_genome_benchmark/assemblies/SAMN09847848/GCF_003719845.1_ASM371984v1_genomic.fna.gz,8159c781018ed8f1598fbb3585f9761fcb35530d914addaa87d9612060de1fe5,2761455,33,2745
moller,SAMN09847849,GCF_003720325.1,data/moller_genome_benchmark/assemblies/SAMN09847849/GCF_003720325.1_ASM372032v1_genomic.fna.gz,41f6e8f26e6491e2997f159dc1984aa485f10409d369d68efc02c59617ab050c,2790775,43,2760
moller,SAMN09847850,GCF_003720085.1,data/moller_genome_benchmark/assemblies/SAMN09847850/GCF_003720085.1_ASM372008v1_genomic.fna.gz,962765880ca4a4b3c54079fe89bac5d1ae5937b0e72f6256aee75c10db4ea9ba,2817443,62,2782
moller,SAMN09847851,GCF_003720685.1,data/moller_genome_benchmark/assemblies/SAMN09847851/GCF_003720685.1_ASM372068v1_genomic.fna.gz,c024137cacaa8442cd343141d3561a8f300958b101caf4976e2b77e576153daa,2851502,61,2812
moller,SAMN09847852,GCF_003720675.1,data/moller_genome_benchmark/assemblies/SAMN09847852/GCF_003720675.1_ASM372067v1_genomic.fna.gz,79733dee09dc4b5a11e1a8d11e2ba59acb4cb58ac21690541f16ae36fb0c4c8b,2723586,49,2698
moller,SAMN09847853,GCF_003720635.1,data/moller_genome_benchmark/assemblies/SAMN09847853/GCF_003720635.1_ASM372063v1_genomic.fna.gz,4e494a6a41f35dbad952f47582924d504031875077936fdba79bf6067b945d75,2811738,49,2787
moller,SAMN09847854,GCF_003720655.1,data/moller_genome_benchmark/assemblies/SAMN09847854/GCF_003720655.1_ASM372065v1_genomic.fna.gz,fee6429123da32d1f17c7a4ea2e7a8c67efadbba356e413639c2eba144a2267a,2840258,80,2852
moller,SAMN09847855,GCF_003720575.1,data/moller_genome_benchmark/assemblies/SAMN09847855/GCF_003720575.1_ASM372057v1_genomic.fna.gz,d6e616086927d81a557257629cb8af7b786b5ec7a4506bddc9582ac80113c88f,2861087,47,2844
moller,SAMN09847856,GCF_003720055.1,data/moller_genome_benchmark/assemblies/SAMN09847856/GCF_003720055.1_ASM372005v1_genomic.fna.gz,83d0e6ade671115fc921a86731db72376c4bb71605b39aafeebe8686a3b12cfb,2926156,52,2909
moller,SAMN09847857,GCF_003720605.1,data/moller_genome_benchmark/assemblies/SAMN09847857/GCF_003720605.1_ASM372060v1_genomic.fna.gz,926365b5802d004f603dbdd6c7765c77961c9d5d833d37a21c4620262e6add51,2866137,148,2825
moller,SAMN09847858,GCF_003720595.1,data/moller_genome_benchmark/assemblies/SAMN09847858/GCF_003720595.1_ASM372059v1_genomic.fna.gz,1adc3353d556e1a2feedb2b7d269f4cf6fc711a6469069640c95623f4eedb09f,2748775,50,2720
moller,SAMN09847859,GCF_003720535.1,data/moller_genome_benchmark/assemblies/SAMN09847859/GCF_003720535.1_ASM372053v1_genomic.fna.gz,eddbc7c033f04cead8706f7f94994a561d503266e2611388410a7c37034e44a1,2902592,68,2891
moller,SAMN09847860,GCF_003720125.1,data/moller_genome_benchmark/assemblies/SAMN09847860/GCF_003720125.1_ASM372012v1_genomic.fna.gz,9603e7c566fd32cbfdd78a997e37273e26a4aa9e75de3bf270674a71b5995378,2793970,44,2780
moller,SAMN09847861,GCF_003720295.1,data/moller_genome_benchmark/assemblies/SAMN09847861/GCF_003720295.1_ASM372029v1_genomic.fna.gz,b8dc7998a84c7deeff15d2f16d902dcf077d7ad2fea6e88e5d9386ca6afbeaa1,2936734,68,2925
moller,SAMN09847862,GCF_003720075.1,data/moller_genome_benchmark/assemblies/SAMN09847862/GCF_003720075.1_ASM372007v1_genomic.fna.gz,3d9834558ebaa8e19a5b47136c4580115f42fb5fb62e7e1b80602e6786345da1,2881105,38,2873
moller,SAMN09847863,GCF_003721195.1,data/moller_genome_benchmark/assemblies/SAMN09847863/GCF_003721195.1_ASM372119v1_genomic.fna.gz,3b5f29537f42e39894c1d973aa5173b7badcd97f792065998ea7eea140c17839,2879733,41,2869
moller,SAMN09847864,GCF_003720175.1,data/moller_genome_benchmark/assemblies/SAMN09847864/GCF_003720175.1_ASM372017v1_genomic.fna.gz,3b17c36f28735cf91d2bbda4d0a95088c1af9aae8a0899b96bcd72fd0f5cf880,2769595,42,2796
moller,SAMN09847865,GCF_003720545.1,data/moller_genome_benchmark/assemblies/SAMN09847865/GCF_003720545.1_ASM372054v1_genomic.fna.gz,910c73709f981cdb13ad6062d69ae902c3fb4e1e45d4b1e7c3889eaa5de5b74f,2880683,40,2875
moller,SAMN09847866,GCF_003720515.1,data/moller_genome_benchmark/assemblies/SAMN09847866/GCF_003720515.1_ASM372051v1_genomic.fna.gz,d551291ea1cdd059de243ea868c3a2f4fd64c548812ff1cd954a7824d9cbdfba,2809235,45,2770
moller,SAMN09847867,GCF_003720475.1,data/moller_genome_benchmark/assemblies/SAMN09847867/GCF_003720475.1_ASM372047v1_genomic.fna.gz,7f95e03db1dd5225673d93cc54c353f6d5b077496610e295be51f2d0d2df0093,2813106,35,2791
walsh,SAMN31484028,ERZ26651909,data/walsh_2023_isp/benchmark/ena_assemblies/SAMN31484028/SAMN31484028.fa.gz,1c2178c3f47bf1a80e1892adf70b471804199c843b57d1bd94c9febe4e3faadb,2675428,49,2659
walsh,SAMN31484033,ERZ26651962,data/walsh_2023_isp/benchmark/ena_assemblies/SAMN31484033/SAMN31484033.fa.gz,3c3e21b61ed8c59316995c16c80c53404bf2503b498853468805c027fce85dcb,2673394,42,2658
walsh,SAMN31484034,ERZ26651971,data/walsh_2023_isp/benchmark/ena_assemblies/SAMN31484034/SAMN31484034.fa.gz,f2333a71cdb051b636da332e51d0ff4c8b7f3f78be27e36dfb5453b8f5c7de93,2699756,37,2660
walsh,SAMN31484036,ERZ26651996,data/walsh_2023_isp/benchmark/ena_assemblies/SAMN31484036/SAMN31484036.fa.gz,7e03900e3339c126bc9730a470736ea7d95ec213ab58b6b79266334d9fc02466,2757262,49,2723
walsh,SAMN31484035,ERZ26651983,data/walsh_2023_isp/benchmark/ena_assemblies/SAMN31484035/SAMN31484035.fa.gz,8d4566028997fc6666f5a7bbb610a480a40b0ce28dc5a34f2a0a5520ca63357f,2731337,32,2720
walsh,SAMN31484037,ERZ26652006,data/walsh_2023_isp/benchmark/ena_assemblies/SAMN31484037/SAMN31484037.fa.gz,c239b39c359e284ac2c5db4b9a557ca1cbccf81a1cc86419d03b4762e171212e,2844855,58,2864
walsh,SAMN31484038,ERZ26652017,data/walsh_2023_isp/benchmark/ena_assemblies/SAMN31484038/SAMN31484038.fa.gz,e58b18666c6632b4049db323bc05ea7e7d0788302e7b45355663e3894bc67502,2798055,54,2843
walsh,SAMN31484039,ERZ26652025,data/walsh_2023_isp/benchmark/ena_assemblies/SAMN31484039/SAMN31484039.fa.gz,d646ed42e8260c27d1ee5c3262e77a98a8fb1e4aa2f312d6f892ab000b16208a,2918448,67,2938
walsh,SAMN31484040,ERZ26652037,data/walsh_2023_isp/benchmark/ena_assemblies/SAMN31484040/SAMN31484040.fa.gz,dd41118e203591712a6a8d1ff746a226e2c1a0e79ce9744be6104f98cd896782,2918969,64,2940
walsh,SAMN31484041,ERZ26652046,data/walsh_2023_isp/benchmark/ena_assemblies/SAMN31484041/SAMN31484041.fa.gz,36c3c0dac0ba36e8b65b658697769255767fa72499e2d356b50cb0fee7a71bed,2740716,73,2751
walsh,SAMN31484042,ERZ26652060,data/walsh_2023_isp/benchmark/ena_assemblies/SAMN31484042/SAMN31484042.fa.gz,13a01b9ddd62bd3b81d4de4cb4e6a5f9d7788334608a7337190ea3af34a1a138,2796034,55,2831
walsh,SAMN31484043,ERZ26652074,data/walsh_2023_isp/benchmark/ena_assemblies/SAMN31484043/SAMN31484043.fa.gz,8d7f88f53ea1bc7a79ae8c8a622fce9e6685f9385e99911ba389b207fabb1df3,2748901,32,2723
walsh,SAMN31484044,ERZ26652090,data/walsh_2023_isp/benchmark/ena_assemblies/SAMN31484044/SAMN31484044.fa.gz,31bb1ecb0978b3097b1cfbbc6357699ea49508a0a8ec6a04de0e7acf8ca335bb,2770097,32,2785
walsh,SAMN31484045,ERZ26652099,data/walsh_2023_isp/benchmark/ena_assemblies/SAMN31484045/SAMN31484045.fa.gz,b18566b0227a82fc9b1a6383c9d0f342d1c1ae548c6e134e7cca06c5eb65107b,2772777,42,2771
walsh,SAMN31484046,ERZ26652106,data/walsh_2023_isp/benchmark/ena_assemblies/SAMN31484046/SAMN31484046.fa.gz,d322b7d9c57c2b34402c5187526b6bd7def10ef30637c74cc647efa5e15ec331,2731657,31,2723
walsh,SAMN31484047,ERZ26652115,data/walsh_2023_isp/benchmark/ena_assemblies/SAMN31484047/SAMN31484047.fa.gz,254fc9d2bfafc48bac75e0eb402cb1304f0502a70a0ca23ce7b122195f526973,2752724,31,2697
walsh,SAMN31484048,ERZ26652122,data/walsh_2023_isp/benchmark/ena_assemblies/SAMN31484048/SAMN31484048.fa.gz,172937a0bbb22691ae9f16027f48a829a0edd74db673ceed12f85f570dfdc400,2886114,81,2865
walsh,SAMN31484049,ERZ26652132,data/walsh_2023_isp/benchmark/ena_assemblies/SAMN31484049/SAMN31484049.fa.gz,15a3fd404584fcc29db7e0c003a36604dd9315ade5724b3c3d860d485839b8d4,2904151,91,2881
walsh,SAMN31484056,ERZ26652208,data/walsh_2023_isp/benchmark/ena_assemblies/SAMN31484056/SAMN31484056.fa.gz,31816381d018c5bf70aa37355948dbeb6ba64c06979127f29081d0a8a14cff92,2900090,61,2898
walsh,SAMN31484055,ERZ26652200,data/walsh_2023_isp/benchmark/ena_assemblies/SAMN31484055/SAMN31484055.fa.gz,422df99ae2935e560598ae46103a56ae3e1ad4def63c1547260d9e6c93aa5b13,2876054,66,2887
walsh,SAMN31484057,ERZ26652216,data/walsh_2023_isp/benchmark/ena_assemblies/SAMN31484057/SAMN31484057.fa.gz,3b489f51c1e07148f188e9e8e78cfee98db8d0959d239cdfdd5e604d2854d54f,2919007,67,2930
walsh,SAMN31484058,ERZ26652226,data/walsh_2023_isp/benchmark/ena_assemblies/SAMN31484058/SAMN31484058.fa.gz,938f4222f9edb622dc0292c92b5f11d34d7a8e83794cf42ba09c91b4be6a59ff,2911425,59,2922
walsh,SAMN31484059,ERZ26652237,data/walsh_2023_isp/benchmark/ena_assemblies/SAMN31484059/SAMN31484059.fa.gz,9406554a43346697f2727ae7e85ad972f9654192faae2208c8652f3d08b7ca99,2907777,70,2890
walsh,SAMN31484060,ERZ26652251,data/walsh_2023_isp/benchmark/ena_assemblies/SAMN31484060/SAMN31484060.fa.gz,f2a4db1762a876982cfab7a8d53f1c43530615deedf2e90fe0a1ecbc898d22ce,2873203,67,2877
walsh,SAMN31484061,ERZ26652262,data/walsh_2023_isp/benchmark/ena_assemblies/SAMN31484061/SAMN31484061.fa.gz,a8774cdc87c315c9f459819de0e5234271d7ca1f681c249f002a91da9976be77,2931280,85,2924
walsh,SAMN31484063,ERZ26652280,data/walsh_2023_isp/benchmark/ena_assemblies/SAMN31484063/SAMN31484063.fa.gz,dc1492aa2575a70494f13fba70596c4c31408932c59ae146e5650a4e2ab6af97,2695064,52,2665
walsh,SAMN31484064,ERZ26652293,data/walsh_2023_isp/benchmark/ena_assemblies/SAMN31484064/SAMN31484064.fa.gz,c76f4c390c95a087827aee6d3f8e8952f1a552f8211a00474d88945f0e5fa766,2650107,39,2626
walsh,SAMN31484065,ERZ26652302,data/walsh_2023_isp/benchmark/ena_assemblies/SAMN31484065/SAMN31484065.fa.gz,620314808f2ec9c9a27d2ddca95cda99a12df0e8102eb443b43f82b7ce1269a0,2692721,39,2676
walsh,SAMN31484062,ERZ26652271,data/walsh_2023_isp/benchmark/ena_assemblies/SAMN31484062/SAMN31484062.fa.gz,4bbb9beb130aaf4e6d73bc9341365b3fbf1eed82f0d5843271111044706fa883,2730669,43,2712
walsh,SAMN31484067,ERZ26652327,data/walsh_2023_isp/benchmark/ena_assemblies/SAMN31484067/SAMN31484067.fa.gz,451d3f34f95951da4d02889e455cdd51b850604fbb0486ad37a2fbd91afcc99d,2881343,116,2847
walsh,SAMN31484068,ERZ26652339,data/walsh_2023_isp/benchmark/ena_assemblies/SAMN31484068/SAMN31484068.fa.gz,a524719c1ea6c7e772b472b085a8b9d63bc3362ab768da8c8795ee3af1e83967,2978368,66,2977
walsh,SAMN31484076,ERZ26652416,data/walsh_2023_isp/benchmark/ena_assemblies/SAMN31484076/SAMN31484076.fa.gz,95d5f80872ad592bcac907649d735043b8266665b13fbdc9cfb57507a688f29f,2802164,40,2738
walsh,SAMN31484077,ERZ26652425,data/walsh_2023_isp/benchmark/ena_assemblies/SAMN31484077/SAMN31484077.fa.gz,111a091beeb2eedbd4fec1ab4021d55539dcf2fd466635584b4a2f9fe09d4033,2799623,31,2791
walsh,SAMN31484069,ERZ26652347,data/walsh_2023_isp/benchmark/ena_assemblies/SAMN31484069/SAMN31484069.fa.gz,a8ad5358841bb19a5eeee96bf93460f43501a4a021188fc784080a42fe037f67,2807075,42,2881
walsh,SAMN31484070,ERZ26652357,data/walsh_2023_isp/benchmark/ena_assemblies/SAMN31484070/SAMN31484070.fa.gz,9015978f3bfc5460a6ad0603a50c0c16021cb5a8cc709af8b58a05876ca99904,2805618,45,2825
walsh,SAMN31484071,ERZ26652366,data/walsh_2023_isp/benchmark/ena_assemblies/SAMN31484071/SAMN31484071.fa.gz,3f402236d92ddec2ca2d4d5c27669833a0d554456ceb323a79edcb389faa5ced,2823855,32,2859
walsh,SAMN31484072,ERZ26652375,data/walsh_2023_isp/benchmark/ena_assemblies/SAMN31484072/SAMN31484072.fa.gz,cce447a3e6bf65f1f666ee2da5d994528dc7ee56c650720d353bf9cc5f5b2718,2900924,49,2881
walsh,SAMN31484073,ERZ26652384,data/walsh_2023_isp/benchmark/ena_assemblies/SAMN31484073/SAMN31484073.fa.gz,9d6fc58942ed6fc55f3aa56c2e008eec688c03ecd6b3e12d71cbee18cd4208d6,2822109,91,2886
walsh,SAMN31484074,ERZ26652393,data/walsh_2023_isp/benchmark/ena_assemblies/SAMN31484074/SAMN31484074.fa.gz,8032a66228d77a2cd6813d91e0f30532524e953ab2567f7b1426f8caaa8a96ae,2761037,58,2826
walsh,SAMN31484078,ERZ26652434,data/walsh_2023_isp/benchmark/ena_assemblies/SAMN31484078/SAMN31484078.fa.gz,72566e13cbbc91ebd0299864120b197c5d5d77fa57d9762cf227cef5e891f323,2870141,34,2865
walsh,SAMN31484079,ERZ26652443,data/walsh_2023_isp/benchmark/ena_assemblies/SAMN31484079/SAMN31484079.fa.gz,cdd09c277f73fba76c19fd134046cd9199731c2beb50faa43ece8b4dc6879a09,2888709,55,2876
walsh,SAMN31484080,ERZ26652452,data/walsh_2023_isp/benchmark/ena_assemblies/SAMN31484080/SAMN31484080.fa.gz,c285b68862c53d476d805bb79fd2749578b4486affdfe96beec23215f169dc97,2906274,58,2895
walsh,SAMN31484081,ERZ26652464,data/walsh_2023_isp/benchmark/ena_assemblies/SAMN31484081/SAMN31484081.fa.gz,f61f327552b22d414e16061947c0df3931b26580da5c571eabfcc6f3f5bbb4bd,2884816,34,2875
walsh,SAMN31484082,ERZ26652473,data/walsh_2023_isp/benchmark/ena_assemblies/SAMN31484082/SAMN31484082.fa.gz,0aebf4dbd6f04d7d7fc9588fb43fb0e84ee59a6b7d379d2ddcf5b5208aa726c3,2886640,45,2874
walsh,SAMN31484083,ERZ26652482,data/walsh_2023_isp/benchmark/ena_assemblies/SAMN31484083/SAMN31484083.fa.gz,3cd4df6f81889f8d12247a3595d451f922e9323c7769b26b6f3c6ac3eaf160a6,2860660,50,2852
