design,cc,phage,mae
complete_cc_holdout,1,p0006,0.18471755912689347
complete_cc_holdout,1,p0017,0.3212718457726107
complete_cc_holdout,1,p0017S,0.13214147928468808
complete_cc_holdout,1,p002y,0.09393915307979175
complete_cc_holdout,1,p003p,0.1034396365362426
complete_cc_holdout,1,p0040,0.22914457934637897
complete_cc_holdout,1,p11,0.2523407325435461
complete_cc_holdout,1,pyo,0.11906758310012977
complete_cc_holdout,10,p0006,0.2661117504390027
complete_cc_holdout,10,p0017,0.6140042334687198
complete_cc_holdout,10,p0017S,0.188372358576576
complete_cc_holdout,10,p002y,0.07316418111104893
complete_cc_holdout,10,p003p,0.08788468998402472
complete_cc_holdout,10,p0040,0.21706826645224103
complete_cc_holdout,10,p11,0.12633425442539392
complete_cc_holdout,10,pyo,0.18617938222274888
complete_cc_holdout,121,p0006,0.23935307695553823
complete_cc_holdout,121,p0017,0.36749342866422746
complete_cc_holdout,121,p0017S,0.08061353176105308
complete_cc_holdout,121,p002y,0.1650064939068615
complete_cc_holdout,121,p003p,0.1431985244455988
complete_cc_holdout,121,p0040,0.22172072808337284
complete_cc_holdout,121,p11,0.15606918597735445
complete_cc_holdout,121,pyo,0.18153065282566527
complete_cc_holdout,15,p0006,0.11673680869062272
complete_cc_holdout,15,p0017,0.29803416477781397
complete_cc_holdout,15,p0017S,0.03428166207511048
complete_cc_holdout,15,p002y,0.026324935579904243
complete_cc_holdout,15,p003p,0.03991409879548857
complete_cc_holdout,15,p0040,0.48485006352808224
complete_cc_holdout,15,p11,0.23242933417937062
complete_cc_holdout,15,pyo,0.12062037949770262
complete_cc_holdout,22,p0006,0.1512776570967199
complete_cc_holdout,22,p0017,0.2222730336027007
complete_cc_holdout,22,p0017S,0.04596925611443125
complete_cc_holdout,22,p002y,0.1118359630032778
complete_cc_holdout,22,p003p,0.10559690772367297
complete_cc_holdout,22,p0040,0.2907467897977407
complete_cc_holdout,22,p11,0.23030803992230203
complete_cc_holdout,22,pyo,0.045121790003241236
complete_cc_holdout,25,p0006,0.16974437485671295
complete_cc_holdout,25,p0017,0.25195655453051413
complete_cc_holdout,25,p0017S,0.06303970422283396
complete_cc_holdout,25,p002y,0.09985989726127309
complete_cc_holdout,25,p003p,0.0569463634086296
complete_cc_holdout,25,p0040,0.2269643082459985
complete_cc_holdout,25,p11,0.2457468068810015
complete_cc_holdout,25,pyo,0.15789897686356086
complete_cc_holdout,30,p0006,0.26309502603184987
complete_cc_holdout,30,p0017,0.19582765011440262
complete_cc_holdout,30,p0017S,0.1096915675451875
complete_cc_holdout,30,p002y,0.1328599207325679
complete_cc_holdout,30,p003p,0.12865703700312525
complete_cc_holdout,30,p0040,0.25494409843426596
complete_cc_holdout,30,p11,0.16946636435293688
complete_cc_holdout,30,pyo,0.08753801292648707
complete_cc_holdout,398,p0006,0.3947500384514231
complete_cc_holdout,398,p0017,0.167141452121094
complete_cc_holdout,398,p0017S,0.14633786981524266
complete_cc_holdout,398,p002y,0.1761806053024543
complete_cc_holdout,398,p003p,0.255692226144792
complete_cc_holdout,398,p0040,0.2988689511011738
complete_cc_holdout,398,p11,0.22372235794390938
complete_cc_holdout,398,pyo,0.293777434160595
complete_cc_holdout,45,p0006,0.2503668242502118
complete_cc_holdout,45,p0017,0.22947620574447347
complete_cc_holdout,45,p0017S,0.1236983227066838
complete_cc_holdout,45,p002y,0.216300392818729
complete_cc_holdout,45,p003p,0.22952687539486738
complete_cc_holdout,45,p0040,0.23111113886864654
complete_cc_holdout,45,p11,0.2020716389361418
complete_cc_holdout,45,pyo,0.23685416040005616
complete_cc_holdout,5,p0006,0.11469190849530765
complete_cc_holdout,5,p0017,0.2539170171143521
complete_cc_holdout,5,p0017S,0.0693027850540383
complete_cc_holdout,5,p002y,0.055260725017905014
complete_cc_holdout,5,p003p,0.05777587972303244
complete_cc_holdout,5,p0040,0.2114941045791139
complete_cc_holdout,5,p11,0.19992307189534964
complete_cc_holdout,5,pyo,0.053869593597169696
complete_cc_holdout,59,p0006,0.14736275441233493
complete_cc_holdout,59,p0017,0.28815254396878937
complete_cc_holdout,59,p0017S,0.1382442928376232
complete_cc_holdout,59,p002y,0.0655004189948187
complete_cc_holdout,59,p003p,0.06112938497354686
complete_cc_holdout,59,p0040,0.0976259501791491
complete_cc_holdout,59,p11,0.12507081418192625
complete_cc_holdout,59,pyo,0.04474451067176017
complete_cc_holdout,72,p0006,0.20653144042777596
complete_cc_holdout,72,p0017,0.35772384830848203
complete_cc_holdout,72,p0017S,0.13781195259366488
complete_cc_holdout,72,p002y,0.11305444271877467
complete_cc_holdout,72,p003p,0.10017025523949186
complete_cc_holdout,72,p0040,0.19614153562450826
complete_cc_holdout,72,p11,0.4343877876890743
complete_cc_holdout,72,pyo,0.07384533689392561
complete_cc_holdout,8,p0006,0.16497037397193304
complete_cc_holdout,8,p0017,0.3040276297741631
complete_cc_holdout,8,p0017S,0.09227032793308666
complete_cc_holdout,8,p002y,0.09742156015163421
complete_cc_holdout,8,p003p,0.09847568216154855
complete_cc_holdout,8,p0040,0.3498061963475852
complete_cc_holdout,8,p11,0.3723885175581671
complete_cc_holdout,8,pyo,0.10059032200841056
complete_cc_holdout,80,p0006,0.628535605214076
complete_cc_holdout,80,p0017,0.4117466487696807
complete_cc_holdout,80,p0017S,0.38203243350654503
complete_cc_holdout,80,p002y,0.3686148369308041
complete_cc_holdout,80,p003p,0.5097813198856173
complete_cc_holdout,80,p0040,0.3926241126535409
complete_cc_holdout,80,p11,0.26966843025845944
complete_cc_holdout,80,pyo,0.4322761730395269
complete_cc_holdout,97,p0006,0.08743661565369132
complete_cc_holdout,97,p0017,0.1729292231850782
complete_cc_holdout,97,p0017S,0.038573716180960345
complete_cc_holdout,97,p002y,0.05291550482952669
complete_cc_holdout,97,p003p,0.059871303962448885
complete_cc_holdout,97,p0040,0.1676693398207316
complete_cc_holdout,97,p11,0.13303630978419378
complete_cc_holdout,97,pyo,0.1307168784673365
outcome_stratified_kfold,1,p0006,0.1288073955438727
outcome_stratified_kfold,1,p0017,0.20036482084048293
outcome_stratified_kfold,1,p0017S,0.09390905241464656
outcome_stratified_kfold,1,p002y,0.07418160973799155
outcome_stratified_kfold,1,p003p,0.07461187640411239
outcome_stratified_kfold,1,p0040,0.1571352931057988
outcome_stratified_kfold,1,p11,0.2679057736661286
outcome_stratified_kfold,1,pyo,0.0754639920742383
outcome_stratified_kfold,10,p0006,0.2942298682553959
outcome_stratified_kfold,10,p0017,0.598312316362821
outcome_stratified_kfold,10,p0017S,0.1757535660563238
outcome_stratified_kfold,10,p002y,0.08438532305603469
outcome_stratified_kfold,10,p003p,0.0905993198110193
outcome_stratified_kfold,10,p0040,0.2520120799687312
outcome_stratified_kfold,10,p11,0.22122276740706853
outcome_stratified_kfold,10,pyo,0.13471136917185259
outcome_stratified_kfold,121,p0006,0.1702121826720481
outcome_stratified_kfold,121,p0017,0.30721793229155175
outcome_stratified_kfold,121,p0017S,0.061640368998574994
outcome_stratified_kfold,121,p002y,0.11995151984829416
outcome_stratified_kfold,121,p003p,0.1007458478799419
outcome_stratified_kfold,121,p0040,0.13591284323140287
outcome_stratified_kfold,121,p11,0.1159594865577231
outcome_stratified_kfold,121,pyo,0.14094638172334426
outcome_stratified_kfold,15,p0006,0.09263838525896753
outcome_stratified_kfold,15,p0017,0.24865110225377582
outcome_stratified_kfold,15,p0017S,0.03255347632503926
outcome_stratified_kfold,15,p002y,0.011373439575884853
outcome_stratified_kfold,15,p003p,0.011343591291616814
outcome_stratified_kfold,15,p0040,0.2295644233990342
outcome_stratified_kfold,15,p11,0.12045223193007659
outcome_stratified_kfold,15,pyo,0.1351784800535899
outcome_stratified_kfold,22,p0006,0.10829365071117304
outcome_stratified_kfold,22,p0017,0.22313983174481344
outcome_stratified_kfold,22,p0017S,0.06095083187551401
outcome_stratified_kfold,22,p002y,0.047056029265454755
outcome_stratified_kfold,22,p003p,0.035645878234999234
outcome_stratified_kfold,22,p0040,0.1665284568750795
outcome_stratified_kfold,22,p11,0.14565238650200857
outcome_stratified_kfold,22,pyo,0.03930511617742123
outcome_stratified_kfold,25,p0006,0.23894783836204697
outcome_stratified_kfold,25,p0017,0.179968629826034
outcome_stratified_kfold,25,p0017S,0.072345192206096
outcome_stratified_kfold,25,p002y,0.13511593617375994
outcome_stratified_kfold,25,p003p,0.09115530938377989
outcome_stratified_kfold,25,p0040,0.21458703185332417
outcome_stratified_kfold,25,p11,0.2144820309296886
outcome_stratified_kfold,25,pyo,0.2214197622168227
outcome_stratified_kfold,30,p0006,0.24248274266542247
outcome_stratified_kfold,30,p0017,0.22613591805718353
outcome_stratified_kfold,30,p0017S,0.09424795767964604
outcome_stratified_kfold,30,p002y,0.10304783859735842
outcome_stratified_kfold,30,p003p,0.12785345320645405
outcome_stratified_kfold,30,p0040,0.19551406424221648
outcome_stratified_kfold,30,p11,0.17336577145944534
outcome_stratified_kfold,30,pyo,0.08021979661084282
outcome_stratified_kfold,398,p0006,0.41888085880374626
outcome_stratified_kfold,398,p0017,0.26069725667754134
outcome_stratified_kfold,398,p0017S,0.135829496683195
outcome_stratified_kfold,398,p002y,0.22714675235671686
outcome_stratified_kfold,398,p003p,0.30352479614395494
outcome_stratified_kfold,398,p0040,0.08488940509740889
outcome_stratified_kfold,398,p11,0.07176423818611227
outcome_stratified_kfold,398,pyo,0.2980985663641309
outcome_stratified_kfold,45,p0006,0.21506159719379436
outcome_stratified_kfold,45,p0017,0.20985496235941348
outcome_stratified_kfold,45,p0017S,0.127258212301696
outcome_stratified_kfold,45,p002y,0.13325350443173425
outcome_stratified_kfold,45,p003p,0.10917473390628664
outcome_stratified_kfold,45,p0040,0.23672105068821292
outcome_stratified_kfold,45,p11,0.22621065897776704
outcome_stratified_kfold,45,pyo,0.2421044848189582
outcome_stratified_kfold,5,p0006,0.1069819444396679
outcome_stratified_kfold,5,p0017,0.19032446140495465
outcome_stratified_kfold,5,p0017S,0.06394918859292503
outcome_stratified_kfold,5,p002y,0.060778263569470796
outcome_stratified_kfold,5,p003p,0.05776542884234131
outcome_stratified_kfold,5,p0040,0.16216412218556311
outcome_stratified_kfold,5,p11,0.15645952987050984
outcome_stratified_kfold,5,pyo,0.04636341050144863
outcome_stratified_kfold,59,p0006,0.24375139103224375
outcome_stratified_kfold,59,p0017,0.3247304436120389
outcome_stratified_kfold,59,p0017S,0.23712564485779483
outcome_stratified_kfold,59,p002y,0.09856299361373355
outcome_stratified_kfold,59,p003p,0.06372048398921625
outcome_stratified_kfold,59,p0040,0.14067974240997796
outcome_stratified_kfold,59,p11,0.05368741518081414
outcome_stratified_kfold,59,pyo,0.0871427079403612
outcome_stratified_kfold,72,p0006,0.10909242851952519
outcome_stratified_kfold,72,p0017,0.16202874271270262
outcome_stratified_kfold,72,p0017S,0.11172005885363127
outcome_stratified_kfold,72,p002y,0.0506680136818081
outcome_stratified_kfold,72,p003p,0.0645651361354573
outcome_stratified_kfold,72,p0040,0.25314657019616205
outcome_stratified_kfold,72,p11,0.177153395081864
outcome_stratified_kfold,72,pyo,0.09543780401221133
outcome_stratified_kfold,8,p0006,0.08999666997390547
outcome_stratified_kfold,8,p0017,0.19310146337593348
outcome_stratified_kfold,8,p0017S,0.0765530851739361
outcome_stratified_kfold,8,p002y,0.0561357687959965
outcome_stratified_kfold,8,p003p,0.05960300997922765
outcome_stratified_kfold,8,p0040,0.2116308675383129
outcome_stratified_kfold,8,p11,0.2816162146166851
outcome_stratified_kfold,8,pyo,0.056706412385195006
outcome_stratified_kfold,80,p0006,0.5909370818181576
outcome_stratified_kfold,80,p0017,0.38061497814378464
outcome_stratified_kfold,80,p0017S,0.32570984036088824
outcome_stratified_kfold,80,p002y,0.3375331673279512
outcome_stratified_kfold,80,p003p,0.48169591076240315
outcome_stratified_kfold,80,p0040,0.29582130875334844
outcome_stratified_kfold,80,p11,0.23679804556024098
outcome_stratified_kfold,80,pyo,0.38083996326254993
outcome_stratified_kfold,97,p0006,0.09812688584798608
outcome_stratified_kfold,97,p0017,0.1896838063401843
outcome_stratified_kfold,97,p0017S,0.025608857542040803
outcome_stratified_kfold,97,p002y,0.035340958367373644
outcome_stratified_kfold,97,p003p,0.045665865470270205
outcome_stratified_kfold,97,p0040,0.07590151982511573
outcome_stratified_kfold,97,p11,0.10129087956554654
outcome_stratified_kfold,97,pyo,0.07988228845317233
random_kfold,1,p0006,0.09430682502494712
random_kfold,1,p0017,0.13403559071451585
random_kfold,1,p0017S,0.0860427322935629
random_kfold,1,p002y,0.0804720385346469
random_kfold,1,p003p,0.07251562994982146
random_kfold,1,p0040,0.10428184179274697
random_kfold,1,p11,0.20861131422561616
random_kfold,1,pyo,0.08251601434704092
random_kfold,10,p0006,0.3871736675188094
random_kfold,10,p0017,0.2584793249805602
random_kfold,10,p0017S,0.10937389056233596
random_kfold,10,p002y,0.03414996424045327
random_kfold,10,p003p,0.05211498931212416
random_kfold,10,p0040,0.29919470771974377
random_kfold,10,p11,0.2940587062960028
random_kfold,10,pyo,0.1662892815368811
random_kfold,121,p0006,0.16379868250078491
random_kfold,121,p0017,0.33157846599516544
random_kfold,121,p0017S,0.07676847242206668
random_kfold,121,p002y,0.11507128146299182
random_kfold,121,p003p,0.0986761761835912
random_kfold,121,p0040,0.14090509619270217
random_kfold,121,p11,0.11395705170243224
random_kfold,121,pyo,0.11311378836844337
random_kfold,15,p0006,0.15884579030904267
random_kfold,15,p0017,0.4437599428293629
random_kfold,15,p0017S,0.044483897046688134
random_kfold,15,p002y,0.021512895027184495
random_kfold,15,p003p,0.01888264501322466
random_kfold,15,p0040,0.41797035282770445
random_kfold,15,p11,0.1711925707702162
random_kfold,15,pyo,0.13628981429939313
random_kfold,22,p0006,0.11290513685943805
random_kfold,22,p0017,0.23879356422975345
random_kfold,22,p0017S,0.06519311368056555
random_kfold,22,p002y,0.014535223650205556
random_kfold,22,p003p,0.04519617380573934
random_kfold,22,p0040,0.2500691467500166
random_kfold,22,p11,0.20592709969360593
random_kfold,22,pyo,0.05377047951934388
random_kfold,25,p0006,0.1885180701207097
random_kfold,25,p0017,0.07244165712074124
random_kfold,25,p0017S,0.053359429145114656
random_kfold,25,p002y,0.10767258213035713
random_kfold,25,p003p,0.08471641666365898
random_kfold,25,p0040,0.14212915762708112
random_kfold,25,p11,0.1758642218122717
random_kfold,25,pyo,0.20995409214937943
random_kfold,30,p0006,0.21485200282962907
random_kfold,30,p0017,0.20761714485042118
random_kfold,30,p0017S,0.09799613533772279
random_kfold,30,p002y,0.0932897280462879
random_kfold,30,p003p,0.1125204846756368
random_kfold,30,p0040,0.17291121083001956
random_kfold,30,p11,0.1377055716824119
random_kfold,30,pyo,0.0878317906674664
random_kfold,398,p0006,0.2875763826404136
random_kfold,398,p0017,0.28493411018199344
random_kfold,398,p0017S,0.2461779657745638
random_kfold,398,p002y,0.12041050695699029
random_kfold,398,p003p,0.15836542344243246
random_kfold,398,p0040,0.11047655798427164
random_kfold,398,p11,0.10150388644072544
random_kfold,398,pyo,0.07254386428506707
random_kfold,45,p0006,0.24825102827065407
random_kfold,45,p0017,0.17541946045989942
random_kfold,45,p0017S,0.09890170147286648
random_kfold,45,p002y,0.11011250166093167
random_kfold,45,p003p,0.12539007310898795
random_kfold,45,p0040,0.2011984034397133
random_kfold,45,p11,0.22861872357208132
random_kfold,45,pyo,0.2311773397781719
random_kfold,5,p0006,0.1170020574650751
random_kfold,5,p0017,0.21421247162082635
random_kfold,5,p0017S,0.06702234066864897
random_kfold,5,p002y,0.06607494823175905
random_kfold,5,p003p,0.06469945591516536
random_kfold,5,p0040,0.16857135588680847
random_kfold,5,p11,0.17571294068525697
random_kfold,5,pyo,0.05321831819064284
random_kfold,59,p0006,0.25118544429623446
random_kfold,59,p0017,0.3767302534601895
random_kfold,59,p0017S,0.2701962959613453
random_kfold,59,p002y,0.13868439172056593
random_kfold,59,p003p,0.10436627375213446
random_kfold,59,p0040,0.19360342092370084
random_kfold,59,p11,0.04692036766064104
random_kfold,59,pyo,0.113656335989385
random_kfold,72,p0006,0.07748281263569727
random_kfold,72,p0017,0.14139218106270532
random_kfold,72,p0017S,0.0938694845044056
random_kfold,72,p002y,0.05460332919903079
random_kfold,72,p003p,0.05319239379960329
random_kfold,72,p0040,0.15859202618367316
random_kfold,72,p11,0.11987909798708518
random_kfold,72,pyo,0.057438828864085925
random_kfold,8,p0006,0.09836325450983367
random_kfold,8,p0017,0.2100276013766921
random_kfold,8,p0017S,0.07757071784994612
random_kfold,8,p002y,0.057727558839297366
random_kfold,8,p003p,0.05745870361536234
random_kfold,8,p0040,0.20717559964787294
random_kfold,8,p11,0.2867380923934888
random_kfold,8,pyo,0.0668714588106994
random_kfold,80,p0006,0.5570383226662614
random_kfold,80,p0017,0.4789517698705219
random_kfold,80,p0017S,0.30826888499129285
random_kfold,80,p002y,0.2926439441218813
random_kfold,80,p003p,0.43918061026025307
random_kfold,80,p0040,0.35582404117488853
random_kfold,80,p11,0.1853271431304616
random_kfold,80,pyo,0.29944341028528143
random_kfold,97,p0006,0.0807848216490001
random_kfold,97,p0017,0.17628303425617833
random_kfold,97,p0017S,0.010301384443428282
random_kfold,97,p002y,0.03243510257015096
random_kfold,97,p003p,0.03747653132365368
random_kfold,97,p0040,0.11874092083818948
random_kfold,97,p11,0.1549274235534099
random_kfold,97,pyo,0.12099058370856251
