cc,phage,n_x,mean_od600,sd_od600,S_fraction,SS_fraction,R_fraction,n_y,mean_broad_permissiveness,sd_broad_permissiveness
1,p0006,12,0.34494722225,0.12773400662420545,0.6666666666666666,0.3333333333333333,0.0,12,0.4989203923965326,0.26248137983985076
1,p0017,12,0.34096875000000004,0.168406664486016,0.8333333333333334,0.08333333333333333,0.08333333333333333,12,0.4989203923965326,0.26248137983985076
1,p0017S,12,0.1940416666666667,0.038245451633580764,1.0,0.0,0.0,12,0.4989203923965326,0.26248137983985076
1,p002y,12,0.196025,0.03804830213629177,1.0,0.0,0.0,12,0.4989203923965326,0.26248137983985076
1,p003p,12,0.18926666658333335,0.03330158191525721,1.0,0.0,0.0,12,0.4989203923965326,0.26248137983985076
1,p0040,12,0.5136583333333333,0.22846945397911544,0.4166666666666667,0.3333333333333333,0.25,12,0.4989203923965326,0.26248137983985076
1,p11,12,0.7831604166666667,0.2667773133878647,0.08333333333333333,0.25,0.6666666666666666,12,0.4989203923965326,0.26248137983985076
1,pyo,12,0.20132407416666667,0.04923132753779783,1.0,0.0,0.0,12,0.4989203923965326,0.26248137983985076
10,p0006,2,0.59415,0.530259375211792,0.5,0.0,0.5,2,0.20548003373590173,0.39560677746175504
10,p0017,2,0.1879166665,0.03193765651929465,1.0,0.0,0.0,2,0.20548003373590173,0.39560677746175504
10,p0017S,2,0.1672,0.007495331880577403,1.0,0.0,0.0,2,0.20548003373590173,0.39560677746175504
10,p002y,2,0.2529,0.09475230867899738,1.0,0.0,0.0,2,0.20548003373590173,0.39560677746175504
10,p003p,2,0.23074999999999998,0.09948992411294723,1.0,0.0,0.0,2,0.20548003373590173,0.39560677746175504
10,p0040,2,0.6592,0.11242997820866107,0.0,0.5,0.5,2,0.20548003373590173,0.39560677746175504
10,p11,2,0.8803000000000001,0.003252691193458153,0.0,0.0,1.0,2,0.20548003373590173,0.39560677746175504
10,pyo,2,0.21799999999999997,0.08312433081375492,1.0,0.0,0.0,2,0.20548003373590173,0.39560677746175504
12,p0006,1,0.2763,,1.0,0.0,0.0,1,-0.1017499452089289,
12,p0017,1,0.827666667,,0.0,0.0,1.0,1,-0.1017499452089289,
12,p0017S,1,0.1848,,1.0,0.0,0.0,1,-0.1017499452089289,
12,p002y,1,0.1676,,1.0,0.0,0.0,1,-0.1017499452089289,
12,p003p,1,0.1721,,1.0,0.0,0.0,1,-0.1017499452089289,
12,p0040,1,0.7891,,0.0,0.0,1.0,1,-0.1017499452089289,
12,p11,1,1.0422,,0.0,0.0,1.0,1,-0.1017499452089289,
12,pyo,1,0.412777778,,0.0,1.0,0.0,1,-0.1017499452089289,
121,p0006,13,0.45650769230769234,0.25312899037690406,0.6153846153846154,0.15384615384615385,0.23076923076923078,13,-0.3433534920342526,0.931403956198607
121,p0017,13,0.5484871795384616,0.2853877435514088,0.38461538461538464,0.23076923076923078,0.38461538461538464,13,-0.3433534920342526,0.931403956198607
121,p0017S,13,0.26014615384615386,0.09761886442848888,0.9230769230769231,0.07692307692307693,0.0,13,-0.3433534920342526,0.931403956198607
121,p002y,13,0.3274615384615384,0.21377574129003168,0.6923076923076923,0.23076923076923078,0.07692307692307693,13,-0.3433534920342526,0.931403956198607
121,p003p,13,0.30933076923076924,0.19331163262383436,0.7692307692307693,0.15384615384615385,0.07692307692307693,13,-0.3433534920342526,0.931403956198607
121,p0040,13,0.7794461538461538,0.14203965769803292,0.0,0.46153846153846156,0.5384615384615384,13,-0.3433534920342526,0.931403956198607
121,p11,13,0.8725230769230768,0.11176933206270667,0.0,0.07692307692307693,0.9230769230769231,13,-0.3433534920342526,0.931403956198607
121,pyo,13,0.3873333332307692,0.23021984485420327,0.6923076923076923,0.15384615384615385,0.15384615384615385,13,-0.3433534920342526,0.931403956198607
15,p0006,3,0.3141666666666667,0.007556674753708362,1.0,0.0,0.0,3,-0.13264370290982355,0.2463220925152412
15,p0017,3,0.6835555553333333,0.22687492484141192,0.0,0.3333333333333333,0.6666666666666666,3,-0.13264370290982355,0.2463220925152412
15,p0017S,3,0.2619666666666667,0.07295384385577867,1.0,0.0,0.0,3,-0.13264370290982355,0.2463220925152412
15,p002y,3,0.2320333333333333,0.010879491409681497,1.0,0.0,0.0,3,-0.13264370290982355,0.2463220925152412
15,p003p,3,0.23090000000000002,0.018439902385858777,1.0,0.0,0.0,3,-0.13264370290982355,0.2463220925152412
15,p0040,3,0.8105333333333333,0.10297865474618187,0.0,0.0,1.0,3,-0.13264370290982355,0.2463220925152412
15,p11,3,0.8683333333333333,0.06824546382971788,0.0,0.0,1.0,3,-0.13264370290982355,0.2463220925152412
15,pyo,3,0.356925926,0.08867058858227314,0.6666666666666666,0.3333333333333333,0.0,3,-0.13264370290982355,0.2463220925152412
22,p0006,6,0.6569999999999999,0.15577138376479807,0.0,0.5,0.5,6,-0.3968838823776979,0.2514480410909045
22,p0017,6,0.4045277778333333,0.1971210687841452,0.5,0.3333333333333333,0.16666666666666666,6,-0.3968838823776979,0.2514480410909045
22,p0017S,6,0.2995166666666667,0.06495430445064182,1.0,0.0,0.0,6,-0.3968838823776979,0.2514480410909045
22,p002y,6,0.3919333333333333,0.05846272886777237,0.6666666666666666,0.3333333333333333,0.0,6,-0.3968838823776979,0.2514480410909045
22,p003p,6,0.3979,0.0840383959865965,0.6666666666666666,0.3333333333333333,0.0,6,-0.3968838823776979,0.2514480410909045
22,p0040,6,0.6547333333333333,0.10425069144454951,0.0,0.6666666666666666,0.3333333333333333,6,-0.3968838823776979,0.2514480410909045
22,p11,6,0.8315666666666667,0.07850805478845253,0.0,0.0,1.0,6,-0.3968838823776979,0.2514480410909045
22,pyo,6,0.272074074,0.06954791116904198,1.0,0.0,0.0,6,-0.3968838823776979,0.2514480410909045
25,p0006,4,0.6421250000000001,0.23422642001561936,0.25,0.25,0.5,4,-0.39663222631593836,0.6223436643774731
25,p0017,4,0.31525000000000003,0.0964212884404607,0.75,0.25,0.0,4,-0.39663222631593836,0.6223436643774731
25,p0017S,4,0.3657,0.06255243134096922,0.75,0.25,0.0,4,-0.39663222631593836,0.6223436643774731
25,p002y,4,0.37915,0.09755895653398514,0.5,0.5,0.0,4,-0.39663222631593836,0.6223436643774731
25,p003p,4,0.33825,0.06317080021655573,0.75,0.25,0.0,4,-0.39663222631593836,0.6223436643774731
25,p0040,4,0.6347,0.12073999613494556,0.0,0.75,0.25,4,-0.39663222631593836,0.6223436643774731
25,p11,4,0.8267249999999999,0.2472095113461454,0.0,0.25,0.75,4,-0.39663222631593836,0.6223436643774731
25,pyo,4,0.345861111,0.16737689118176016,0.5,0.5,0.0,4,-0.39663222631593836,0.6223436643774731
30,p0006,31,0.4416387097096774,0.25806852035105937,0.6129032258064516,0.22580645161290322,0.16129032258064516,31,-0.10738855131894542,0.4582213298983398
30,p0017,31,0.5319946235806451,0.19356829342429396,0.25806451612903225,0.5161290322580645,0.22580645161290322,31,-0.10738855131894542,0.4582213298983398
30,p0017S,31,0.25264516129032255,0.08282945912797196,0.9032258064516129,0.0967741935483871,0.0,31,-0.10738855131894542,0.4582213298983398
30,p002y,31,0.26414193548387094,0.08527792318528694,0.9354838709677419,0.06451612903225806,0.0,31,-0.10738855131894542,0.4582213298983398
30,p003p,31,0.26209784945161296,0.09239460180690501,0.9032258064516129,0.0967741935483871,0.0,31,-0.10738855131894542,0.4582213298983398
30,p0040,31,0.724184677419355,0.2031974525838332,0.0967741935483871,0.2903225806451613,0.6129032258064516,31,-0.10738855131894542,0.4582213298983398
30,p11,31,0.8942653225806452,0.14418348346196178,0.0,0.06451612903225806,0.9354838709677419,31,-0.10738855131894542,0.4582213298983398
30,pyo,31,0.2989444444516129,0.11763926828503603,0.8064516129032258,0.1935483870967742,0.0,31,-0.10738855131894542,0.4582213298983398
398,p0006,2,0.8115666665,0.2726132341377513,0.0,0.5,0.5,2,-1.084557621892745,0.3246148097512963
398,p0017,2,0.3881666665,0.219674506924323,0.5,0.5,0.0,2,-1.084557621892745,0.3246148097512963
398,p0017S,2,0.35941666650000004,0.2171996331901701,0.5,0.5,0.0,2,-1.084557621892745,0.3246148097512963
398,p002y,2,0.4624625,0.08649683700864444,0.0,1.0,0.0,2,-1.084557621892745,0.3246148097512963
398,p003p,2,0.5317166664999999,0.12037314414828766,0.0,1.0,0.0,2,-1.084557621892745,0.3246148097512963
398,p0040,2,0.76525,0.27966073195927954,0.0,0.5,0.5,2,-1.084557621892745,0.3246148097512963
398,p11,2,0.8917125,0.27989054166316524,0.0,0.5,0.5,2,-1.084557621892745,0.3246148097512963
398,pyo,2,0.5407083335,0.021154278106199773,0.0,1.0,0.0,2,-1.084557621892745,0.3246148097512963
45,p0006,9,0.7152148147777777,0.22099876763666298,0.1111111111111111,0.3333333333333333,0.5555555555555556,9,-0.8210771069881894,0.487247183951561
45,p0017,9,0.46682407400000003,0.2705021258772092,0.5555555555555556,0.2222222222222222,0.2222222222222222,9,-0.8210771069881894,0.487247183951561
45,p0017S,9,0.3667851852222222,0.13904492795064033,0.6666666666666666,0.3333333333333333,0.0,9,-0.8210771069881894,0.487247183951561
45,p002y,9,0.445625,0.1338950568542394,0.3333333333333333,0.5555555555555556,0.1111111111111111,9,-0.8210771069881894,0.487247183951561
45,p003p,9,0.4389703703333333,0.13350468932805065,0.5555555555555556,0.4444444444444444,0.0,9,-0.8210771069881894,0.487247183951561
45,p0040,9,0.7008583333333334,0.21793792335777637,0.1111111111111111,0.4444444444444444,0.4444444444444444,9,-0.8210771069881894,0.487247183951561
45,p11,9,0.899975,0.10109356124402778,0.0,0.0,1.0,9,-0.8210771069881894,0.487247183951561
45,pyo,9,0.4210061727777778,0.18617884424814565,0.4444444444444444,0.4444444444444444,0.1111111111111111,9,-0.8210771069881894,0.487247183951561
5,p0006,94,0.4225719858191489,0.16094314624360057,0.43617021276595747,0.5,0.06382978723404255,94,0.15019723084823325,0.5654015591301871
5,p0017,94,0.5397526595531915,0.2932284518548445,0.3829787234042553,0.2765957446808511,0.3404255319148936,94,0.15019723084823325,0.5654015591301871
5,p0017S,94,0.2527386524893617,0.11201125233237447,0.8936170212765957,0.09574468085106383,0.010638297872340425,94,0.15019723084823325,0.5654015591301871
5,p002y,94,0.23381861702127665,0.09133664732353254,0.9361702127659575,0.06382978723404255,0.0,94,0.15019723084823325,0.5654015591301871
5,p003p,94,0.22830957443617023,0.09670138911224793,0.9361702127659575,0.06382978723404255,0.0,94,0.15019723084823325,0.5654015591301871
5,p0040,94,0.6305890957446808,0.24327249820142588,0.2553191489361702,0.32978723404255317,0.4148936170212766,94,0.15019723084823325,0.5654015591301871
5,p11,94,0.799590425531915,0.2595962746676507,0.1276595744680851,0.20212765957446807,0.6702127659574468,94,0.15019723084823325,0.5654015591301871
5,pyo,94,0.20558377658510638,0.09684929257705448,0.9468085106382979,0.05319148936170213,0.0,94,0.15019723084823325,0.5654015591301871
59,p0006,4,0.551125,0.27569158341644506,0.5,0.25,0.25,4,-0.30568691509321205,0.5813909385408991
59,p0017,4,0.66825,0.28689475736512265,0.25,0.25,0.5,4,-0.30568691509321205,0.5813909385408991
59,p0017S,4,0.361375,0.20138410024958114,0.75,0.25,0.0,4,-0.30568691509321205,0.5813909385408991
59,p002y,4,0.2896,0.10731532975302271,0.75,0.25,0.0,4,-0.30568691509321205,0.5813909385408991
59,p003p,4,0.284125,0.09441180628854988,1.0,0.0,0.0,4,-0.30568691509321205,0.5813909385408991
59,p0040,4,0.6366749999999999,0.08039466711169342,0.0,0.75,0.25,4,-0.30568691509321205,0.5813909385408991
59,p11,4,0.7971499999999999,0.12311047883913051,0.0,0.25,0.75,4,-0.30568691509321205,0.5813909385408991
59,pyo,4,0.31047222225000004,0.09335107325591314,0.75,0.25,0.0,4,-0.30568691509321205,0.5813909385408991
72,p0006,5,0.7620733333999999,0.1249408623256708,0.0,0.4,0.6,5,-0.5875414374218514,0.4512690429260272
72,p0017,5,0.29162500020000004,0.11457546190657127,0.8,0.2,0.0,5,-0.5875414374218514,0.4512690429260272
72,p0017S,5,0.38478,0.08480078161458443,0.6,0.4,0.0,5,-0.5875414374218514,0.4512690429260272
72,p002y,5,0.3741,0.05634356385160598,0.6,0.4,0.0,5,-0.5875414374218514,0.4512690429260272
72,p003p,5,0.37868,0.0808601728615172,0.8,0.2,0.0,5,-0.5875414374218514,0.4512690429260272
72,p0040,5,0.679915,0.13477796625376123,0.0,0.6,0.4,5,-0.5875414374218514,0.4512690429260272
72,p11,5,1.008375,0.09677145433959336,0.0,0.0,1.0,5,-0.5875414374218514,0.4512690429260272
72,pyo,5,0.300475,0.1212522312422933,0.8,0.2,0.0,5,-0.5875414374218514,0.4512690429260272
8,p0006,59,0.39276723166101696,0.17717761827698436,0.6779661016949152,0.2033898305084746,0.11864406779661017,59,0.10900324844338627,0.6752379607622939
8,p0017,59,0.7446857344576271,0.22422564630392564,0.0847457627118644,0.3050847457627119,0.6101694915254238,59,0.10900324844338627,0.6752379607622939
8,p0017S,59,0.30121920903389826,0.14895967085059578,0.7627118644067796,0.22033898305084745,0.01694915254237288,59,0.10900324844338627,0.6752379607622939
8,p002y,59,0.2586338983050847,0.1207560913330005,0.9322033898305084,0.05084745762711865,0.01694915254237288,59,0.10900324844338627,0.6752379607622939
8,p003p,59,0.2573327683220339,0.12161258671937522,0.9152542372881356,0.06779661016949153,0.01694915254237288,59,0.10900324844338627,0.6752379607622939
8,p0040,59,0.4471809322033898,0.1943764036061409,0.4745762711864407,0.3898305084745763,0.13559322033898305,59,0.10900324844338627,0.6752379607622939
8,p11,59,0.673364406779661,0.2737334794339269,0.1864406779661017,0.2711864406779661,0.5423728813559322,59,0.10900324844338627,0.6752379607622939
8,pyo,59,0.23347363462711868,0.09695829135231826,0.9152542372881356,0.0847457627118644,0.0,59,0.10900324844338627,0.6752379607622939
80,p0006,1,1.001,,0.0,0.0,1.0,1,-2.236146208335545,
80,p0017,1,0.766166667,,0.0,0.0,1.0,1,-2.236146208335545,
80,p0017S,1,0.6609,,0.0,1.0,0.0,1,-2.236146208335545,
80,p002y,1,0.6189,,0.0,1.0,0.0,1,-2.236146208335545,
80,p003p,1,0.7605,,0.0,0.0,1.0,1,-2.236146208335545,
80,p0040,1,0.8638,,0.0,0.0,1.0,1,-2.236146208335545,
80,p11,1,0.8189,,0.0,0.0,1.0,1,-2.236146208335545,
80,pyo,1,0.711666667,,0.0,0.0,1.0,1,-2.236146208335545,
88,p0006,1,0.8483,,0.0,0.0,1.0,1,-1.0902874980854236,
88,p0017,1,0.188833333,,1.0,0.0,0.0,1,-1.0902874980854236,
88,p0017S,1,0.2337,,1.0,0.0,0.0,1,-1.0902874980854236,
88,p002y,1,0.5417,,0.0,1.0,0.0,1,-1.0902874980854236,
88,p003p,1,0.5919,,0.0,1.0,0.0,1,-1.0902874980854236,
88,p0040,1,0.5979,,0.0,1.0,0.0,1,-1.0902874980854236,
88,p11,1,0.9263,,0.0,0.0,1.0,1,-1.0902874980854236,
88,pyo,1,0.685111111,,0.0,1.0,0.0,1,-1.0902874980854236,
97,p0006,6,0.37109444433333333,0.1286155657798738,0.6666666666666666,0.3333333333333333,0.0,6,0.3930192278765499,0.6567238725298773
97,p0017,6,0.4052499998333334,0.21803895543546548,0.6666666666666666,0.16666666666666666,0.16666666666666666,6,0.3930192278765499,0.6567238725298773
97,p0017S,6,0.21363888883333335,0.05209644657218137,1.0,0.0,0.0,6,0.3930192278765499,0.6567238725298773
97,p002y,6,0.22069166666666665,0.06167680412170094,1.0,0.0,0.0,6,0.3930192278765499,0.6567238725298773
97,p003p,6,0.21378888883333333,0.06753849168158632,1.0,0.0,0.0,6,0.3930192278765499,0.6567238725298773
97,p0040,6,0.48118333333333335,0.2212204249536346,0.5,0.16666666666666666,0.3333333333333333,6,0.3930192278765499,0.6567238725298773
97,p11,6,0.6464083333333334,0.1972793683248876,0.16666666666666666,0.5,0.3333333333333333,6,0.3930192278765499,0.6567238725298773
97,pyo,6,0.28820601850000005,0.19290961770393378,0.8333333333333334,0.16666666666666666,0.0,6,0.3930192278765499,0.6567238725298773
