design,model,phage,spearman,r2,mae,equal_cc_mae
complete_cc_fivefold,balanced_ridge,p0006,0.25746984025394704,-0.009601516452344194,0.16137564702146354,0.22508423366936253
complete_cc_fivefold,balanced_ridge,p0017,0.045183421862681726,-0.28296649459558054,0.2721341325422953,0.28898714540464443
complete_cc_fivefold,balanced_ridge,p0017S,0.3151529689075715,-0.003655014650908228,0.08734007166458514,0.11804349185932952
complete_cc_fivefold,balanced_ridge,p002y,0.22353669299646442,-0.17945349252942555,0.08835112400055914,0.12194642351046477
complete_cc_fivefold,balanced_ridge,p003p,0.23283192435788258,-0.13410564840187278,0.08957804421480876,0.13480241032140136
complete_cc_fivefold,balanced_ridge,p0040,-0.027462487096425656,-0.4164741028759933,0.24510536689626836,0.24730856536560747
complete_cc_fivefold,balanced_ridge,p11,0.14818316232290163,-0.40796502589680617,0.23222374341863966,0.21650330719867208
complete_cc_fivefold,balanced_ridge,pyo,0.38268970488690357,-0.03770636509860359,0.0915333309481464,0.15044662383143398
complete_cc_fivefold,isolate_mean,p0006,-0.2396527893903433,-0.04915817647574161,0.16663313491878035,0.2518627874793811
complete_cc_fivefold,isolate_mean,p0017,-0.3945384778696869,-0.10337249513618074,0.26078968892101095,0.25385958659218993
complete_cc_fivefold,isolate_mean,p0017S,-0.11908610745200213,-0.031054487639831097,0.0944051651120904,0.11879989252858629
complete_cc_fivefold,isolate_mean,p002y,-0.2668781176548302,-0.08690823593204788,0.09129312766982262,0.12543307016829897
complete_cc_fivefold,isolate_mean,p003p,-0.22990851786046873,-0.0827399269862148,0.09695347054794094,0.13936346711669845
complete_cc_fivefold,isolate_mean,p0040,-0.2799311434318627,-0.11492530946854274,0.21952532810842684,0.18177017330143322
complete_cc_fivefold,isolate_mean,p11,-0.27316078570071456,-0.05921376068671047,0.21598925764049862,0.16069761890436557
complete_cc_fivefold,isolate_mean,pyo,-0.38532235794222974,-0.13843954040322082,0.10568469772794607,0.14667389082280793
complete_cc_fivefold,lineage_mean,p0006,-0.26673052270511444,-0.4581112223671926,0.2200387983353217,0.24384979458275677
complete_cc_fivefold,lineage_mean,p0017,-0.2382394603136201,-0.15586028676468566,0.2607890721048368,0.2616438006011156
complete_cc_fivefold,lineage_mean,p0017S,-0.050619028136456336,-0.20934710876474139,0.11215306430014708,0.12374818808116167
complete_cc_fivefold,lineage_mean,p002y,-0.2591084596783896,-0.5090073292453567,0.11906346468645367,0.11927676717103751
complete_cc_fivefold,lineage_mean,p003p,-0.22176144762972563,-0.5877139767702617,0.1284318686158185,0.1347424169996045
complete_cc_fivefold,lineage_mean,p0040,-0.3214608313136868,-0.12248651981054559,0.21815088910095348,0.1706068423830123
complete_cc_fivefold,lineage_mean,p11,-0.25614944502181664,-0.053795921199207175,0.2053375559442711,0.1485721094146433
complete_cc_fivefold,lineage_mean,pyo,-0.23977125645519343,-0.5757387418135349,0.1462259735206892,0.15210579195084356
complete_cc_fivefold,pooled_ridge,p0006,0.2472768141434017,-0.0654887677289917,0.16542246190559437,0.2257121209382729
complete_cc_fivefold,pooled_ridge,p0017,0.06212869128755646,-0.2943188697778736,0.2713641329603249,0.29706503199447354
complete_cc_fivefold,pooled_ridge,p0017S,0.30560105507498,-0.02755998780415636,0.08767364129143027,0.11882541734718169
complete_cc_fivefold,pooled_ridge,p002y,0.21232659731447834,-0.24385708866879563,0.09105593027212242,0.12321593542929146
complete_cc_fivefold,pooled_ridge,p003p,0.2193369234736925,-0.18686068954548785,0.09200035639850214,0.13587067902547514
complete_cc_fivefold,pooled_ridge,p0040,-0.03677774721106103,-0.5205157060674062,0.2526256530102997,0.2580520108708353
complete_cc_fivefold,pooled_ridge,p11,0.1361636299419176,-0.49180093463215657,0.2403269041166775,0.22486424310194184
complete_cc_fivefold,pooled_ridge,pyo,0.37291680745470934,-0.06335593069282464,0.09303129400022077,0.15097541244522109
complete_cc_fivefold,within_lineage_ridge,p0006,0.23878239475287658,-0.225979770580093,0.18888556799669862,0.2317953245938123
complete_cc_fivefold,within_lineage_ridge,p0017,0.023515961558740157,-0.29509848342301015,0.2726579137623316,0.2934634793079303
complete_cc_fivefold,within_lineage_ridge,p0017S,0.28277734211260214,-0.2239892457698156,0.10313483377627256,0.12696896492403267
complete_cc_fivefold,within_lineage_ridge,p002y,0.15005792688245262,-0.5281103999587051,0.11413178775874816,0.12781887910786888
complete_cc_fivefold,within_lineage_ridge,p003p,0.1703498706165192,-0.4509314374901432,0.11706696279679042,0.14303746279027096
complete_cc_fivefold,within_lineage_ridge,p0040,-0.019025098744086623,-0.5315663626488454,0.25156951129966043,0.23776267245225402
complete_cc_fivefold,within_lineage_ridge,p11,0.1595292697328033,-0.48276346935612846,0.23332488142847893,0.20568304123345835
complete_cc_fivefold,within_lineage_ridge,pyo,0.33138468531085125,-0.25480539547574965,0.11858669285197174,0.15635028838367954
leave_one_cc_out,balanced_ridge,p0006,0.19532417506601962,-0.13915254549537304,0.1709870982768417,0.24187823161791824
leave_one_cc_out,balanced_ridge,p0017,0.08374740313356105,-0.2121583936414937,0.2652575832015904,0.2705871268672786
leave_one_cc_out,balanced_ridge,p0017S,0.2919264396367681,-0.0680429091207928,0.09020357671918929,0.12403684041673192
leave_one_cc_out,balanced_ridge,p002y,0.2142725023784857,-0.274151535115867,0.09170630122154985,0.12613329801014508
leave_one_cc_out,balanced_ridge,p003p,0.21572036658370355,-0.2419012218156671,0.09347009323365911,0.13941730504397462
leave_one_cc_out,balanced_ridge,p0040,0.014905925611896029,-0.3930659476910543,0.24186204465727693,0.2439436497356891
leave_one_cc_out,balanced_ridge,p11,0.16615365463830312,-0.39468383912650173,0.2297299718104647,0.21288807623154024
leave_one_cc_out,balanced_ridge,pyo,0.38301090748832217,-0.054666496891268235,0.09506184903362169,0.15185215958862522
leave_one_cc_out,isolate_mean,p0006,-0.2934690809648935,-0.040323847544300406,0.16664310236586252,0.25053327920318125
leave_one_cc_out,isolate_mean,p0017,-0.26300929921217125,-0.08563638679448715,0.25864503516231174,0.24766013787832328
leave_one_cc_out,isolate_mean,p0017S,-0.17640754115504928,-0.03464488017669076,0.09475299040748841,0.11936979394047612
leave_one_cc_out,isolate_mean,p002y,-0.3218111908815675,-0.07578660059009823,0.09120458730869281,0.12410349149938048
leave_one_cc_out,isolate_mean,p003p,-0.2993427582292416,-0.07478306518939282,0.09714238483001471,0.13860561592107798
leave_one_cc_out,isolate_mean,p0040,-0.2931425762587826,-0.11050075548951988,0.2191749424002127,0.17982034947613468
leave_one_cc_out,isolate_mean,p11,-0.279664316769817,-0.057250427834246276,0.2153770925443097,0.15827755302996244
leave_one_cc_out,isolate_mean,pyo,-0.40470902267594955,-0.12136172160636227,0.10528707004895053,0.14415944875661332
leave_one_cc_out,lineage_mean,p0006,-0.40773678115981726,-0.4887260527918935,0.22262485552863215,0.24957781192703268
leave_one_cc_out,lineage_mean,p0017,-0.441013683815755,-0.10264766509688372,0.2535427049738093,0.24031671024207638
leave_one_cc_out,lineage_mean,p0017S,-0.34116949340564157,-0.2423015103194659,0.11367253127360323,0.1275016145323064
leave_one_cc_out,lineage_mean,p002y,-0.3963298997756715,-0.5401648809589021,0.12104627513994887,0.12365785146705148
leave_one_cc_out,lineage_mean,p003p,-0.40518015705817567,-0.634604686149778,0.13091687296209611,0.14026324229460568
leave_one_cc_out,lineage_mean,p0040,-0.4562765734880606,-0.11327253058750886,0.21690243805446124,0.169101114060376
leave_one_cc_out,lineage_mean,p11,-0.3095569488817731,-0.049531848154214186,0.20392579678356107,0.14366860853915278
leave_one_cc_out,lineage_mean,pyo,-0.44593433019068,-0.5818933296820827,0.1474320014924629,0.1535272463411161
leave_one_cc_out,pooled_ridge,p0006,0.1922573178325928,-0.20168533726615911,0.17456520689419242,0.24023125439026122
leave_one_cc_out,pooled_ridge,p0017,0.09971206922321275,-0.22203907846553772,0.2645974318705078,0.28135965145362274
leave_one_cc_out,pooled_ridge,p0017S,0.28414492109558026,-0.10252564023116717,0.09076450831329895,0.12499753244348775
leave_one_cc_out,pooled_ridge,p002y,0.2031246467663078,-0.3515180967963085,0.0946976444502218,0.1273928001093673
leave_one_cc_out,pooled_ridge,p003p,0.20631931514536558,-0.304837617135846,0.09616446467526994,0.14073975400192992
leave_one_cc_out,pooled_ridge,p0040,0.0023288130129335664,-0.5048544813529305,0.24998277740075422,0.25559458200479507
leave_one_cc_out,pooled_ridge,p11,0.1550466276398293,-0.48502523042648016,0.2380991185238474,0.22180316958885377
leave_one_cc_out,pooled_ridge,pyo,0.37436192555725273,-0.0830051119738644,0.09664641097381596,0.15267394524418873
leave_one_cc_out,within_lineage_ridge,p0006,0.21183489282247203,-0.3122062100367715,0.1954045634206923,0.24441827486550569
leave_one_cc_out,within_lineage_ridge,p0017,0.060279616104064834,-0.21618756103400472,0.2651887300363347,0.27402827056626655
leave_one_cc_out,within_lineage_ridge,p0017S,0.26093542050253826,-0.2664907952772153,0.10538302199243424,0.1349825609031884
leave_one_cc_out,within_lineage_ridge,p002y,0.175194024225662,-0.5887594526758855,0.11658087134737018,0.1308704860426781
leave_one_cc_out,within_lineage_ridge,p003p,0.18424945141582577,-0.5299486221411456,0.1204486776824114,0.14773861725027845
leave_one_cc_out,within_lineage_ridge,p0040,0.028813042292394644,-0.5274322956332129,0.2492305401472432,0.23556532659526563
leave_one_cc_out,within_lineage_ridge,p11,0.17216275737104472,-0.49151290743392395,0.2330855641541665,0.20977719008483448
leave_one_cc_out,within_lineage_ridge,pyo,0.3457201822143026,-0.2659198607094506,0.12096559071512425,0.15782895129719232
